Latitude,Longitude,Depth,Magnitude,Energy,Is_Shallow,Is_Night,Region_Code,Season_Code,Intensity_Index,Risk_Class
-0.6917027158581773,0.4655814172565533,-0.015272812294867932,0.8440792791039394,-0.022590875248488167,1,0,0,1,1.6158184457956388,2
-0.6758334037096033,0.4406917706345769,-0.7161885571693318,-0.2659026672209769,-0.022691413965261937,1,0,0,1,2.0926339427855924,2
-0.6666459072025341,0.552695180433476,-0.5409596209507159,-0.5433981538022078,-0.02270126369682387,1,0,0,1,1.8000762317102819,2
1.77138157499155,-1.8043543546678227,2.508023869253202,-0.2659026672209769,-0.022691413965261937,0,1,0,0,1.119630132976392,1
-0.7944356313463146,0.17686151644161152,0.5104139963609801,0.2890883059414825,-0.02265784805142817,1,1,0,0,1.4025436317302664,1
1.6043361839539285,0.7144778834763315,-0.7161885571693318,-0.2659026672209769,-0.022691413965261937,1,0,0,2,2.0926339427855924,2
1.5951486874468594,-1.2742048816196945,-0.7161885571693318,-0.8208936403834363,-0.022708236772760453,1,1,0,2,2.012148021909223,2
1.0180068614118774,-1.087532531954861,-0.7161885571693318,1.399070252266399,-0.022457246938654134,1,0,0,2,2.334091705414699,2
0.6112513342352695,-0.8622812300259615,0.08986454943630166,-0.2659026672209769,-0.022691413965261937,1,0,0,0,1.4625853531261874,1
0.9278023502515619,0.5066493341828182,-0.7161885571693318,-0.2659026672209769,-0.022691413965261937,1,0,0,0,2.0926339427855924,2
0.9904443718906699,0.5999855090152351,-0.7161885571693318,-0.2659026672209769,-0.022691413965261937,1,0,0,0,2.0926339427855924,2
1.0163364075015011,-1.1111776962457396,-0.7161885571693318,0.566583792522711,-0.022630087736116487,1,1,0,0,2.2133628241001455,2
-0.39937328154234,0.2739311382673251,2.3327949330345863,-0.5433981538022078,-0.02270126369682387,0,0,0,0,1.109873118946097,1
1.7062338724868775,0.23659666833435877,1.596833400916399,-0.5433981538022078,-0.02270126369682387,0,0,0,0,1.170608411734321,1
0.4893081987778058,0.5414948394535856,4.57572531663287,1.399070252266399,-0.022457246938654134,0,1,0,0,1.1386502618603833,1
-1.0892707465277163,0.7269227067873214,0.860871868798212,1.399070252266399,-0.022457246938654134,1,1,0,0,1.434560092310298,1
0.5486093125961614,0.520338639824906,-0.22554753575720712,-0.8208936403834363,-0.022708236772760453,1,1,0,0,1.5346383821506742,2
0.9035807685511069,-1.1373118251988172,-0.015272812294867932,-0.8208936403834363,-0.022708236772760453,1,1,0,0,1.4426950408889634,1
1.7880861140953117,0.5925186150286414,2.998664890665327,0.01159281936025158,-0.022677500849626255,0,1,0,0,1.110951659394928,1
1.302819253131022,0.25277493863864375,0.4753682091172568,0.8440792791039394,-0.022590875248488167,1,0,0,0,1.4626598367596555,1
0.6647058593673081,-3.173284918876602,1.6669249754038453,-0.8208936403834363,-0.022708236772760453,0,0,0,0,1.1410245570933435,1
-0.49793006225453657,0.37971213641073015,-0.7161885571693318,-0.8208936403834363,-0.022708236772760453,1,0,0,0,2.012148021909223,2
-0.6198731977120002,0.6037189560085301,-0.7161885571693318,-0.5433981538022078,-0.02270126369682387,1,0,0,0,2.052390982347408,2
-1.202861612433299,0.7543013180714968,3.2439854013713894,-0.8208936403834363,-0.022708236772760453,0,1,0,1,1.0355582242660195,1
1.2585522245060523,0.16441669313062332,-0.7161885571693318,-0.8208936403834363,-0.022708236772760453,1,0,0,1,2.012148021909223,2
0.9094273572374236,-3.205641459485174,-0.7161885571693318,-0.5433981538022078,-0.02270126369682387,1,0,0,1,2.052390982347408,2
0.46174570925659814,0.4506476292833678,2.5781154437406486,0.2890883059414825,-0.02265784805142817,0,0,0,1,1.1579437172917935,1
1.8039554262438862,0.9285288444253404,-0.751234344413055,-0.2659026672209769,-0.022691413965261937,1,1,0,0,2.168568435406081,2
1.7530065819774117,0.7903913056733637,-0.4358222592195463,0.8440792791039394,-0.022590875248488167,1,1,0,0,1.8693259238938706,2
1.6009952761331763,-1.5417685828059566,-0.15545596126976072,-0.8208936403834363,-0.022708236772760453,1,0,0,0,1.5005081425020654,2
1.5492112049115132,-1.9138687998045245,-0.8563717061442246,-0.2659026672209769,-0.022691413965261937,1,0,0,0,2.500671404207537,0
-1.0675548456928254,0.6684320372256737,1.8771996988661845,-0.8208936403834363,-0.022708236772760453,0,0,0,0,1.1224989134110477,1
-0.9990662353674007,0.5912741326975419,0.26509348565491764,0.566583792522711,-0.022630087736116487,1,0,0,0,1.4909676687499924,1
-1.0299696327093606,0.6721654842189705,0.019772974948855264,-0.2659026672209769,-0.022691413965261937,1,0,0,0,1.4871982710139067,1
1.3813305869187038,-0.3433320979577256,1.0361008050168279,0.2890883059414825,-0.02265784805142817,1,0,0,2,1.308413900833278,1
1.1374443160037766,0.7207002951318273,-0.7161885571693318,-0.8208936403834363,-0.022708236772760453,1,1,0,2,2.012148021909223,2
1.7505009011118473,0.8638157632081986,0.019772974948855264,0.01159281936025158,-0.022677500849626255,1,0,0,2,1.5157982377641739,2
0.47510934053960785,0.4207800533369933,1.0361008050168279,0.2890883059414825,-0.02265784805142817,1,0,0,2,1.308413900833278,1
1.5492112049115132,-1.8367108952763944,1.9122454861099079,-0.8208936403834363,-0.022708236772760453,0,0,0,2,1.119593119060031,1
1.5416941623148206,-1.9449808580819967,1.456650251941506,-0.8208936403834363,-0.022708236772760453,0,0,0,2,1.1616924678705869,1
-0.2765949191296882,0.357311454450951,0.9309634432856584,-0.8208936403834363,-0.022708236772760453,1,0,0,2,1.226230309049152,1
1.217626103701835,-0.3035086633625602,-0.2605933230009303,0.2890883059414825,-0.02265784805142817,1,0,0,0,1.677604323310952,2
0.4567343475254696,0.3685117954308397,0.26509348565491764,2.2315567120100868,-0.021970115385260103,1,1,0,0,1.6536186871590823,2
-1.0282991787989846,0.6472758375969924,0.7557345070670424,-0.5433981538022078,-0.02270126369682387,1,0,0,0,1.278521032038884,1
1.0497454857090256,-2.7078485270456176,-0.7161885571693318,1.399070252266399,-0.022457246938654134,1,1,0,0,2.334091705414699,2
-0.7184299784241968,0.5029158871895214,-0.7161885571693318,-0.2659026672209769,-0.022691413965261937,1,0,0,0,2.0926339427855924,2
0.9745750597420958,0.7816799293556723,-0.7161885571693318,-0.8208936403834363,-0.022708236772760453,1,0,0,0,2.012148021909223,2
1.0722966134991043,-2.595845117246717,-0.015272812294867932,-0.8208936403834363,-0.022708236772760453,1,1,0,0,1.4426950408889634,1
-1.151077541211636,0.6908327191854527,0.4753682091172568,0.01159281936025158,-0.022677500849626255,1,1,0,0,1.3843030597903885,1
1.804790653199074,0.6435423906036956,-0.7161885571693318,0.2890883059414825,-0.02265784805142817,1,1,0,0,2.1731198636619613,2
1.4656885093927026,0.9260398797631432,-0.7161885571693318,0.2890883059414825,-0.02265784805142817,1,0,0,0,2.1731198636619613,2
-0.6507765950539601,0.41331315935040147,1.6318791881601222,-0.5433981538022078,-0.02270126369682387,0,0,0,0,1.1671955295496896,1
-0.7025606662756229,0.4382028059723778,-0.7161885571693318,0.8440792791039394,-0.022590875248488167,1,1,0,0,2.25360578453833,2
-0.7033958932308109,0.5029158871895214,-0.7161885571693318,0.8440792791039394,-0.022590875248488167,1,0,0,0,2.25360578453833,2
-0.7426515601246518,0.5265610514804001,1.38655867745406,1.399070252266399,-0.022457246938654134,0,0,0,0,1.3561965883215645,1
-0.7393106523038995,0.5427393217846851,-0.7161885571693318,0.8440792791039394,-0.022590875248488167,1,0,0,0,2.25360578453833,2
-0.6766686306647914,0.4083352300260051,-0.7161885571693318,-0.8208936403834363,-0.022708236772760453,1,0,0,0,2.012148021909223,2
0.9954557336217985,-2.560999611975948,-0.7161885571693318,0.2890883059414825,-0.02265784805142817,1,1,0,0,2.1731198636619613,2
1.7446543124255305,0.43322487664798326,-0.5760054081944391,0.566583792522711,-0.022630087736116487,1,0,0,1,1.9837056812223248,2
1.4264328424988617,0.8264812932752323,1.3164671029666135,0.01159281936025158,-0.022677500849626255,1,0,0,1,1.24750051442765,1
1.5467055240459489,1.0903115474681977,-0.7161885571693318,-0.5433981538022078,-0.02270126369682387,1,0,0,1,2.052390982347408,2
-1.009924185784846,0.5551841450956733,1.0010550177731048,-0.8208936403834363,-0.022708236772760453,1,0,0,1,1.216286406541323,1
1.4514896511545046,0.7829244116867718,-0.7161885571693318,-0.2659026672209769,-0.022691413965261937,1,0,0,1,2.0926339427855924,2
1.4698646441686434,0.9359957384119341,-0.7161885571693318,5.838998037566071,0.04456646972971734,1,1,0,1,2.9779790724256507,0
0.7073024340819016,1.117690158752373,-0.7161885571693318,1.6765657388476298,-0.022346731132830054,1,0,0,1,2.3743346658528837,2
0.7073024340819016,1.1985815102738,-0.7161885571693318,-0.8208936403834363,-0.022708236772760453,1,0,0,1,2.012148021909223,2
-0.9573048876079954,0.5489617334401792,-0.2956391102446535,-0.8208936403834363,-0.022708236772760453,1,1,0,1,1.5732899022206244,2
0.789989902645524,0.25277493863864375,-0.47086804646326946,3.0640431717537773,-0.020597192129894016,1,0,0,1,2.1735889401286954,2
-0.46619143795738854,0.5290500161425974,0.33518506014236404,0.01159281936025158,-0.022677500849626255,1,1,0,1,1.417995848020986,1
1.4205862538125449,-0.3271538276534388,-0.7161885571693318,-0.2659026672209769,-0.022691413965261937,1,1,0,0,2.0926339427855924,2
1.2677397210131214,0.3411331841466642,2.3327949330345863,2.7865476851725464,-0.021218668176909945,0,0,0,0,1.3710197351687083,1
1.3612851399941892,-1.8267550366276017,-0.3657306847320999,-0.5433981538022078,-0.02270126369682387,1,0,0,2,1.6499288110582295,2
1.4381260198714951,-1.8367108952763944,0.15995612392374806,-0.2659026672209769,-0.022691413965261937,1,0,0,2,1.4400770457260585,1
0.40662073021418305,0.4742927935742465,2.0874744223285235,-0.8208936403834363,-0.022708236772760453,0,0,0,2,1.105757138973323,1
-1.172793442046527,0.7742130353690787,-0.7161885571693318,0.566583792522711,-0.022630087736116487,1,0,0,0,2.2133628241001455,2
0.6246149655182792,0.3772231717485328,1.8071081243787381,0.01159281936025158,-0.022677500849626255,0,1,0,0,1.1961677136783428,1
1.5007680415106033,-1.509412042197385,-0.7161885571693318,-0.8208936403834363,-0.022708236772760453,1,0,0,0,2.012148021909223,2
-1.0992934699899735,0.8065695759776504,3.13884803964022,0.01159281936025158,-0.022677500849626255,0,1,0,0,1.1032424609818257,1
0.5026718300608155,0.3772231717485328,-0.7161885571693318,-0.2659026672209769,-0.022691413965261937,1,0,0,0,2.0926339427855924,2
0.9202853076548689,-3.0799487440441853,-0.7161885571693318,-0.2659026672209769,-0.022691413965261937,1,1,0,0,2.0926339427855924,2
-0.4302766788842998,0.6037189560085301,-0.7161885571693318,1.6765657388476298,-0.022346731132830054,1,1,0,0,2.3743346658528837,2
-0.37431647288669667,0.5016714048584219,-0.7161885571693318,1.6765657388476298,-0.022346731132830054,1,0,0,0,2.3743346658528837,2
-0.9932196466810839,0.5153607105005096,0.4753682091172568,-0.5433981538022078,-0.02270126369682387,1,0,0,0,1.3320652084775435,1
1.5717623327015924,-0.9867294631358505,-0.7161885571693318,1.1215747656851704,-0.022535486137495106,1,1,0,1,2.293848744976515,2
0.48596729095705343,0.3697562777619392,-0.7161885571693318,0.2890883059414825,-0.02265784805142817,1,1,0,1,2.1731198636619613,2
0.5435979508650326,0.40335730070160875,0.33518506014236404,-0.8208936403834363,-0.022708236772760453,1,0,0,1,1.3377319320952699,1
0.5962172490418836,0.4145576416814992,0.15995612392374806,-0.2659026672209769,-0.022691413965261937,1,0,0,1,1.4400770457260585,1
0.44671162406321224,0.5029158871895214,1.2113297412354438,1.6765657388476298,-0.022346731132830054,1,0,0,1,1.403194129528211,1
1.3211942461451602,1.0106646782778685,-0.7161885571693318,0.2890883059414825,-0.02265784805142817,1,0,0,1,2.1731198636619613,2
0.9361546198034428,-0.37942208555959245,-0.7161885571693318,0.2890883059414825,-0.02265784805142817,1,0,0,0,2.1731198636619613,2
1.308665841817339,-1.752086096761669,-0.7862801316567782,-0.8208936403834363,-0.022708236772760453,1,0,0,2,2.1714724095162588,2
1.4423021546474355,-0.5847616701909101,-0.751234344413055,-0.8208936403834363,-0.022708236772760453,1,1,0,2,2.0851619571212314,2
0.9871034640699176,0.6485203199280901,-0.4007764719758231,-0.5433981538022078,-0.02270126369682387,1,0,0,2,1.6751395676405603,2
-0.8353617521505317,0.2789090675917197,-0.4358222592195463,-0.5433981538022078,-0.02270126369682387,1,1,0,2,1.7024218235462036,2
1.2276488271640922,0.5651400037444659,-0.7161885571693318,-0.2659026672209769,-0.022691413965261937,1,1,0,2,2.0926339427855924,2
-1.2379411445511992,0.7555458004025963,-0.7161885571693318,2.7865476851725464,-0.021218668176909945,1,0,0,2,2.5353065076056214,0
1.5258248501662461,-1.9263136231155145,-0.7161885571693318,-0.5433981538022078,-0.02270126369682387,1,1,0,2,2.052390982347408,2
1.5283305310318105,-1.9263136231155145,-0.5409596209507159,1.1215747656851704,-0.022535486137495106,1,1,0,2,2.0118499060291386,2
-0.8879810503273824,0.507893816513916,2.437932294765756,-0.8208936403834363,-0.022708236772760453,0,1,0,2,1.0810874359387674,1
-0.8336912982401554,0.2515304563075442,-0.7161885571693318,-0.2659026672209769,-0.022691413965261937,1,0,0,2,2.0926339427855924,2
-1.2237422863130014,0.37846765407963234,-0.7161885571693318,0.01159281936025158,-0.022677500849626255,1,0,0,0,2.1328769032237767,2
-0.49960051616491274,0.2913538909027097,0.6155513580921496,-0.8208936403834363,-0.022708236772760453,1,1,0,0,1.2781110931766573,1
-0.783577680928869,0.524072086818201,-0.2605933230009303,-0.2659026672209769,-0.022691413965261937,1,0,0,0,1.615470829854991,2
-0.844549248657601,0.5962520620219383,3.349122763102559,-0.8208936403834363,-0.022708236772760453,0,1,0,0,1.030496457777831,1
-0.28745286954713367,0.3212214668490824,-0.015272812294867932,1.6765657388476298,-0.022346731132830054,1,0,0,1,1.7023801482489769,2
0.7465581009757426,0.6783878958744646,1.9122454861099079,0.01159281936025158,-0.022677500849626255,0,0,0,1,1.1867687062036327,1
0.9303080311171263,0.5302944984736969,-0.7161885571693318,1.6765657388476298,-0.022346731132830054,1,1,0,1,2.3743346658528837,2
-0.8086344895845123,0.49420451087182826,-0.7161885571693318,-0.8208936403834363,-0.022708236772760453,1,1,0,1,2.012148021909223,2
-0.8036231278533836,0.5029158871895214,-0.7161885571693318,-0.8208936403834363,-0.022708236772760453,1,1,0,1,2.012148021909223,2
-0.844549248657601,0.49793795786512507,-0.7161885571693318,-0.8208936403834363,-0.022708236772760453,1,1,0,1,2.012148021909223,2
-0.8311856173745912,0.5066493341828182,-0.7161885571693318,-0.2659026672209769,-0.022691413965261937,1,1,0,1,2.0926339427855924,2
-0.7936004043911263,0.4854931345541369,-0.7161885571693318,-0.8208936403834363,-0.022708236772760453,1,0,0,1,2.012148021909223,2
-0.8052935817637599,0.4817596875608401,0.15995612392374806,-0.5433981538022078,-0.02270126369682387,1,0,0,1,1.4123832563851726,1
-0.3467539833654892,0.6298530849616077,-0.7161885571693318,-0.8208936403834363,-0.022708236772760453,1,0,0,1,2.012148021909223,2
0.6805751715158822,0.5041603695206192,1.0361008050168279,-0.2659026672209769,-0.022691413965261937,1,0,0,1,1.2599541267283418,1
-0.8111401704500766,0.49669347553402554,-0.7161885571693318,-0.2659026672209769,-0.022691413965261937,1,0,0,1,2.0926339427855924,2
-0.8044583548085718,0.48051520522974056,-0.7161885571693318,-0.5433981538022078,-0.02270126369682387,1,0,0,1,2.052390982347408,2
-0.736804971438335,0.43695832364128007,1.1762839539917207,-0.8208936403834363,-0.022708236772760453,1,1,0,1,1.193415760455152,1
-0.821162893912334,0.5190941574938065,1.2814213157228902,-0.8208936403834363,-0.022708236772760453,1,1,0,1,1.1808866863814496,1
-0.46452098404701225,0.5900296503664424,-0.7161885571693318,-0.5433981538022078,-0.02270126369682387,1,0,0,0,2.052390982347408,2
1.7630293054396688,0.12957118785985425,-0.19050174851348392,-0.8208936403834363,-0.022708236772760453,1,1,0,0,1.5170653777113956,2
-0.28244150781600497,0.39091247739062057,-0.7161885571693318,-0.2659026672209769,-0.022691413965261937,1,0,0,0,2.0926339427855924,2
-0.27826537304006455,0.3274438785045765,-0.7161885571693318,0.2890883059414825,-0.02265784805142817,1,0,0,0,2.1731198636619613,2
0.8593137399261371,0.7903913056733637,-0.7161885571693318,-0.2659026672209769,-0.022691413965261937,1,0,0,2,2.0926339427855924,2
1.5049441762865434,-1.9487143050752935,0.05481876219257846,0.8440792791039394,-0.022590875248488167,1,1,0,2,1.588039555487467,2
1.0990238760651239,-0.3346207216400325,-0.7161885571693318,-0.8208936403834363,-0.022708236772760453,1,0,0,2,2.012148021909223,2
-0.8420435677920367,0.5265610514804001,1.7370165498912917,0.8440792791039394,-0.022590875248488167,0,0,0,2,1.2707866523324693,1
-1.1535832220772004,0.7020330601653432,1.1762839539917207,0.01159281936025158,-0.022677500849626255,1,0,0,2,1.2650207060824612,1
-0.9506230719664904,0.5738513800621573,0.4753682091172568,-0.5433981538022078,-0.02270126369682387,1,0,0,2,1.3320652084775435,1
1.092342060423619,-0.3308872746467357,-0.7161885571693318,0.566583792522711,-0.022630087736116487,1,1,0,2,2.2133628241001455,2
1.0413932161571444,1.1463132523676463,0.05481876219257846,-0.5433981538022078,-0.02270126369682387,1,1,0,2,1.4462503094618002,1
0.8609841938365133,0.8215033639508359,-0.7161885571693318,0.8440792791039394,-0.022590875248488167,1,0,0,0,2.25360578453833,2
-1.001571916232965,0.6236306733061137,0.6505971453358728,-0.2659026672209769,-0.022691413965261937,1,1,0,0,1.3225408463490198,1
1.4473135163785642,-1.4907448072309026,-0.7161885571693318,-0.8208936403834363,-0.022708236772760453,1,0,0,0,2.012148021909223,2
-1.0909412004380925,0.7331451184428155,0.685642932579596,-0.5433981538022078,-0.02270126369682387,1,1,0,0,1.290732833314316,1
-0.8595833338509868,0.5190941574938065,1.3164671029666135,-0.5433981538022078,-0.02270126369682387,1,0,0,0,1.2004250233171727,1
0.7615921861691285,-0.0496342678183875,-0.7161885571693318,1.399070252266399,-0.022457246938654134,1,0,0,0,2.334091705414699,2
-0.5555607221625158,0.15446083448183062,-0.7161885571693318,0.566583792522711,-0.022630087736116487,1,0,0,0,2.2133628241001455,2
-0.813645851315641,0.16192772846842426,0.685642932579596,-0.5433981538022078,-0.02270126369682387,1,0,0,0,1.290732833314316,1
1.491580545003534,-1.1373118251988172,-0.7161885571693318,0.2890883059414825,-0.02265784805142817,1,0,0,0,2.1731198636619613,2
1.4339498850955548,0.18930633975259972,-0.3657306847320999,-0.8208936403834363,-0.022708236772760453,1,0,0,0,1.6175772657433625,2
-0.9907139658155196,0.3846900657351265,-0.7161885571693318,-0.5433981538022078,-0.02270126369682387,1,0,0,0,2.052390982347408,2
-0.345083529455113,0.26770872661183104,0.019772974948855264,-0.8208936403834363,-0.022708236772760453,1,0,0,0,1.4299983375133718,1
1.0489102587538373,-2.5398434123472664,-0.7161885571693318,-0.5433981538022078,-0.02270126369682387,1,0,0,1,2.052390982347408,2
0.8618194207917015,0.8874609274990773,-0.2605933230009303,-0.2659026672209769,-0.022691413965261937,1,0,0,1,1.615470829854991,2
-0.5998277507874856,0.357311454450951,2.7182985927155414,-0.5433981538022078,-0.02270126369682387,0,0,0,1,1.0849954904854138,1
-1.0600378030961326,0.312510090531391,-0.7161885571693318,-0.5433981538022078,-0.02270126369682387,1,0,0,1,2.052390982347408,2
-0.7000549854100584,0.41331315935040147,0.685642932579596,0.01159281936025158,-0.022677500849626255,1,1,0,1,1.3413498071697794,1
1.5049441762865434,0.7866578586800687,-0.3657306847320999,-0.2659026672209769,-0.022691413965261937,1,0,0,1,1.682280356373097,2
0.515200234388637,0.44815866462116877,4.295359018683085,-0.2659026672209769,-0.022691413965261937,0,0,0,1,1.0310453470510526,1
-0.869606057313244,0.5215831221560038,1.6669249754038453,-0.2659026672209769,-0.022691413965261937,0,0,0,0,1.1866655393770773,1
-0.4169130476012903,0.32868836083567604,0.019772974948855264,2.7865476851725464,-0.021218668176909945,1,0,0,2,1.8017979052668482,2
-0.970668518891005,0.6410534259414982,-0.7161885571693318,0.01159281936025158,-0.022677500849626255,1,0,0,2,2.1328769032237767,2
-0.7543447374972854,0.17686151644161152,-0.7161885571693318,-0.2659026672209769,-0.022691413965261937,1,0,0,2,2.0926339427855924,2
-0.7401458792590876,0.15570531681293015,-0.7161885571693318,2.2315567120100868,-0.021970115385260103,1,0,0,2,2.454820586729252,2
1.443137381602624,-0.4503575784322301,-0.7161885571693318,-0.2659026672209769,-0.022691413965261937,1,0,0,2,2.0926339427855924,2
0.6204388307423386,0.520338639824906,-0.751234344413055,1.399070252266399,-0.022457246938654134,1,0,0,2,2.4187878702606285,2
-0.7134186166930682,0.24779700931424745,-0.3657306847320999,0.2890883059414825,-0.02265784805142817,1,0,0,2,1.7469834470028316,2
-0.5948163890563569,0.32495491384237923,-0.015272812294867932,-0.8208936403834363,-0.022708236772760453,1,1,0,2,1.4426950408889634,1
0.8409387469119989,-2.972923263569681,-0.3657306847320999,-0.5433981538022078,-0.02270126369682387,1,1,0,2,1.6499288110582295,2
1.530836211897375,-1.5927923583810109,3.419214337590005,-0.2659026672209769,-0.022691413965261937,0,1,0,2,1.0683026597815453,1
1.0756375213198568,0.5726068977310578,-0.6460969826818854,3.0640431717537773,-0.020597192129894016,1,1,0,0,2.425108362815688,2
0.5811831638484973,0.09970361191347973,0.12491033668002485,-0.8208936403834363,-0.022708236772760453,1,0,0,0,1.3952765663781181,1
-0.4453107640776859,0.6335865319549046,-0.7161885571693318,0.01159281936025158,-0.022677500849626255,1,0,0,0,2.1328769032237767,2
-1.3440149678600888,0.30379871421369786,-0.7161885571693318,0.01159281936025158,-0.022677500849626255,1,1,0,0,2.1328769032237767,2
0.592876341221131,0.38717903039732376,2.0524286350848007,-0.2659026672209769,-0.022691413965261937,0,1,0,0,1.152773654884961,1
-1.070895753513578,0.6024744736774323,-0.7161885571693318,-0.8208936403834363,-0.022708236772760453,1,0,0,0,2.012148021909223,2
-0.3843391963489541,0.37846765407963234,-0.3657306847320999,-0.8208936403834363,-0.022708236772760453,1,1,0,1,1.6175772657433625,2
-0.2415153870117877,0.30753216120699467,-0.3306848974883767,-0.5433981538022078,-0.02270126369682387,1,1,0,1,1.626537843409385,2
-1.1109866473626069,0.731900636111716,0.33518506014236404,-0.2659026672209769,-0.022691413965261937,1,0,0,0,1.3912412093790807,1
-0.8762878729547491,0.21668495103677518,-0.7161885571693318,2.5090521985913177,-0.02165863952449058,1,0,0,0,2.495063547167437,2
0.6630354054569318,0.5427393217846851,2.122520209572247,-0.8208936403834363,-0.022708236772760453,0,0,0,0,1.1031197456454687,1
-0.961481022383936,0.689588236854355,-0.7161885571693318,0.01159281936025158,-0.022677500849626255,1,1,0,2,2.1328769032237767,2
-1.0049128240537175,0.7393675300983096,-0.7161885571693318,0.8440792791039394,-0.022590875248488167,1,1,0,2,2.25360578453833,2
1.1006943299755,-1.4011420793917826,-0.8914174933879478,-0.2659026672209769,-0.022691413965261937,1,1,0,2,2.672271380322704,0
1.7680406671707976,-1.5007006658796935,0.08986454943630166,0.566583792522711,-0.022630087736116487,1,0,0,2,1.546965277345006,2
-0.9673276110702527,0.5750958623932568,1.456650251941506,0.01159281936025158,-0.022677500849626255,0,0,0,2,1.231394015942822,1
0.5126945535230729,0.48051520522974056,2.437932294765756,-0.5433981538022078,-0.02270126369682387,0,1,0,2,1.1027091846575428,1
0.5728308942966165,0.18930633975259972,0.08986454943630166,0.2890883059414825,-0.02265784805142817,1,0,0,2,1.5188386359387334,2
1.7471599932910948,-0.5623609882311292,-0.7161885571693318,0.2890883059414825,-0.02265784805142817,1,0,0,2,2.1731198636619613,2
-1.0157707744711628,0.6236306733061137,1.2113297412354438,-0.5433981538022078,-0.02270126369682387,1,1,0,2,1.2129305187447248,1
-1.0366514483508653,0.7717240707068814,0.08986454943630166,-0.8208936403834363,-0.022708236772760453,1,0,0,2,1.4063320703136417,1
-1.009088958829658,0.7505678710782,0.08986454943630166,4.451520604659924,-0.0107588113160615,1,1,0,2,1.9407382570328258,2
1.0472398048434612,-1.218203176720246,-0.6110511954381623,-0.2659026672209769,-0.022691413965261937,1,1,0,2,1.9202007399580465,2
-1.2680093149379712,0.7381230477672118,-0.015272812294867932,-0.8208936403834363,-0.022708236772760453,1,1,0,0,1.4426950408889634,1
0.49682524137449874,0.3013097495515006,-0.6811427699256086,-0.8208936403834363,-0.022708236772760453,1,0,0,0,1.9493562262564004,2
1.3019840261758335,0.5228276044871033,0.08986454943630166,1.6765657388476298,-0.022346731132830054,1,0,0,0,1.6594718429700974,2
1.4882396371827817,-2.104274596462655,-0.7161885571693318,-0.8208936403834363,-0.022708236772760453,1,0,0,0,2.012148021909223,2
1.0990238760651239,1.1948480632805032,0.33518506014236404,0.2890883059414825,-0.02265784805142817,1,1,0,0,1.4447504866628915,1
0.6438251854876054,0.6447868729347951,-0.2605933230009303,-0.2659026672209769,-0.022691413965261937,1,0,0,0,1.615470829854991,2
0.5486093125961614,0.5016714048584219,2.648207018228095,0.2890883059414825,-0.02265784805142817,0,0,0,0,1.1533209425479298,1
-1.2663388610275947,0.6149192969884205,0.08986454943630166,-0.8208936403834363,-0.022708236772760453,1,0,0,0,1.4063320703136417,1
0.45339343970471724,0.23535218600325924,-0.7161885571693318,0.2890883059414825,-0.02265784805142817,1,1,0,1,2.1731198636619613,2
0.9186148537444928,-0.37319967390409836,-0.7161885571693318,-0.8208936403834363,-0.022708236772760453,1,0,0,1,2.012148021909223,2
0.7657683209450691,1.0753777594950105,1.1762839539917207,-0.8208936403834363,-0.022708236772760453,1,1,0,1,1.193415760455152,1
1.279432898385755,0.5502062157712787,-0.7161885571693318,0.2890883059414825,-0.02265784805142817,1,0,0,1,2.1731198636619613,2
-0.4912482466130317,0.14077152883974292,-0.7161885571693318,-0.2659026672209769,-0.022691413965261937,1,1,0,1,2.0926339427855924,2
-0.5597368569384564,0.37846765407963234,-0.7161885571693318,-0.5433981538022078,-0.02270126369682387,1,1,0,1,2.052390982347408,2
0.48596729095705343,0.5352724277980915,3.4893059120774517,4.451520604659924,-0.0107588113160615,0,0,0,1,1.4131230611839238,1
-1.1293616403767455,0.7879023410111664,-0.12041017402603753,-0.5433981538022078,-0.02270126369682387,1,1,0,1,1.5145684423041872,2
0.8751830520747113,-2.9940794631983625,-0.7161885571693318,-0.2659026672209769,-0.022691413965261937,1,0,0,0,2.0926339427855924,2
-0.7484981488109687,0.17686151644161152,-0.7161885571693318,-0.8208936403834363,-0.022708236772760453,1,1,0,2,2.012148021909223,2
-1.3874467695298702,0.23286322134106194,-0.7161885571693318,-0.5433981538022078,-0.02270126369682387,1,0,0,2,2.052390982347408,2
0.6312967811597839,0.38717903039732376,-0.08536438678231432,3.619034144916234,-0.01847932614413363,1,1,0,2,1.9404930850483597,2
0.9929500527562344,-1.1124221785768391,-0.6110511954381623,-0.5433981538022078,-0.02270126369682387,1,1,0,2,1.8832738026511606,2
1.477381686765336,-2.0495173738943038,-0.7161885571693318,-0.8208936403834363,-0.022708236772760453,1,0,0,0,2.012148021909223,2
0.4266661771386978,0.5004269225273223,-0.7161885571693318,0.01159281936025158,-0.022677500849626255,1,0,0,0,2.1328769032237767,2
-0.8812992346858776,0.5166051928316091,-0.7161885571693318,-0.5433981538022078,-0.02270126369682387,1,1,0,0,2.052390982347408,2
-0.8863105964170063,0.536516910129191,-0.7161885571693318,0.566583792522711,-0.022630087736116487,1,0,0,0,2.2133628241001455,2
-0.9230605824452829,0.5576731097578723,-0.7161885571693318,-0.8208936403834363,-0.022708236772760453,1,0,0,0,2.012148021909223,2
-0.9138730859382138,0.5477172511090814,-0.7161885571693318,-0.8208936403834363,-0.022708236772760453,1,1,0,0,2.012148021909223,2
-0.8637594686269273,0.5290500161425974,-0.7161885571693318,-0.8208936403834363,-0.022708236772760453,1,1,0,0,2.012148021909223,2
-0.8946628659688873,0.5539396627645755,0.15995612392374806,1.399070252266399,-0.022457246938654134,1,1,0,0,1.6062397817713727,2
-0.9138730859382138,0.5651400037444659,-0.7161885571693318,-0.5433981538022078,-0.02270126369682387,1,0,0,0,2.052390982347408,2
-0.8629242416717393,0.49793795786512507,-0.7161885571693318,-0.8208936403834363,-0.022708236772760453,1,0,0,0,2.012148021909223,2
-0.9130378589830257,0.6024744736774323,-0.8213259189005014,-0.2659026672209769,-0.022691413965261937,1,0,0,0,2.366621989229777,2
0.6972797106196443,1.0878225828059986,-0.7161885571693318,0.2890883059414825,-0.02265784805142817,1,0,0,0,2.1731198636619613,2
0.609580880324893,0.25277493863864375,-0.7161885571693318,-0.5433981538022078,-0.02270126369682387,1,1,0,0,2.052390982347408,2
0.8292455695393653,-3.05257013276001,-0.7161885571693318,0.2890883059414825,-0.02265784805142817,1,0,0,0,2.1731198636619613,2
1.1315977273174598,1.1127122294279768,-0.7161885571693318,-0.8208936403834363,-0.022708236772760453,1,1,0,0,2.012148021909223,2
-1.2680093149379712,0.41580212401259875,-0.015272812294867932,-0.2659026672209769,-0.022691413965261937,1,1,0,0,1.500402842524522,2
1.0271943579189464,-2.4589520608258395,-0.7161885571693318,0.566583792522711,-0.022630087736116487,1,1,0,0,2.2133628241001455,2
1.4698646441686434,1.099022923785889,-0.7161885571693318,-0.8208936403834363,-0.022708236772760453,1,0,0,0,2.012148021909223,2
-0.9673276110702527,0.3486000781332579,-0.7161885571693318,-0.2659026672209769,-0.022691413965261937,1,0,0,0,2.0926339427855924,2
-0.2958051390990147,0.2701976912740283,-0.7161885571693318,-0.8208936403834363,-0.022708236772760453,1,1,0,0,2.012148021909223,2
1.6344043543407003,-1.022819450737719,-0.7161885571693318,-0.8208936403834363,-0.022708236772760453,1,1,0,0,2.012148021909223,2
-1.032475313574925,0.44815866462116877,0.685642932579596,-0.5433981538022078,-0.02270126369682387,1,1,0,0,1.290732833314316,1
0.8384330660464344,-3.0986159790106695,-0.015272812294867932,0.2890883059414825,-0.02265784805142817,1,0,0,0,1.5581106441600805,2
-0.9965605545018364,0.6037189560085301,0.08986454943630166,0.566583792522711,-0.022630087736116487,1,0,0,0,1.546965277345006,2
0.850961470374256,-3.133461484281437,-0.7161885571693318,0.8440792791039394,-0.022590875248488167,1,0,0,0,2.25360578453833,2
-0.005981385648741548,-2.0669401265296883,-0.8563717061442246,-0.5433981538022078,-0.02270126369682387,1,0,0,0,2.4525815695112376,2
-1.055861668320192,0.6559872139146837,0.08986454943630166,-0.2659026672209769,-0.022691413965261937,1,0,0,0,1.4625853531261874,1
-0.4453107640776859,0.5638955214133664,-0.7161885571693318,0.8440792791039394,-0.022590875248488167,1,0,0,0,2.25360578453833,2
1.6886941064279273,-1.4509213726357373,0.08986454943630166,1.6765657388476298,-0.022346731132830054,1,0,0,0,1.6594718429700974,2
0.7615921861691285,-0.013544280216518894,-0.8914174933879478,0.8440792791039394,-0.022590875248488167,1,0,0,1,2.8778307172706037,0
-0.24903242960848065,0.41206867701930194,0.15995612392374806,0.01159281936025158,-0.022677500849626255,1,1,0,1,1.467770835066944,1
-0.5346800482828132,0.19055082208369925,-0.8213259189005014,-0.2659026672209769,-0.022691413965261937,1,0,0,1,2.366621989229777,2
0.7983421721974053,-0.2811079814027811,-0.7161885571693318,-0.2659026672209769,-0.022691413965261937,1,0,0,1,2.0926339427855924,2
0.9286375772067499,-0.39435587353277973,-0.7862801316567782,0.2890883059414825,-0.02265784805142817,1,0,0,1,2.3451902022775597,2
-0.42693577106354746,0.5253165691493006,-0.015272812294867932,-0.5433981538022078,-0.02270126369682387,1,1,0,1,1.4715489417067427,1
-0.2607256069811142,0.31873250218688515,-0.7161885571693318,-0.5433981538022078,-0.02270126369682387,1,1,0,1,2.052390982347408,2
-0.19891881229719427,0.30379871421369786,-0.5409596209507159,-0.8208936403834363,-0.022708236772760453,1,1,0,1,1.7647806193238058,2
-1.2462934141030804,-0.14172596031970477,-0.7161885571693318,-0.5433981538022078,-0.02270126369682387,1,1,0,0,2.052390982347408,2
-1.0909412004380925,0.7431009770916064,-0.7161885571693318,-0.8208936403834363,-0.022708236772760453,1,0,0,0,2.012148021909223,2
-1.1260207325559928,0.34611111347106055,-0.3657306847320999,-0.8208936403834363,-0.022708236772760453,1,0,0,2,1.6175772657433625,2
-0.3384017138136081,0.2316187390099624,-0.751234344413055,0.01159281936025158,-0.022677500849626255,1,0,0,2,2.210271674548505,2
1.3103362957277147,-0.8585477830326664,-0.7161885571693318,-0.5433981538022078,-0.02270126369682387,1,0,0,2,2.052390982347408,2
-0.4603448492710718,0.3846900657351265,4.190221656951915,0.01159281936025158,-0.022677500849626255,0,0,0,2,1.0549613944853948,1
-1.1636059455394578,0.734389600773915,-0.7161885571693318,0.01159281936025158,-0.022677500849626255,1,1,0,2,2.1328769032237767,2
0.5861945255796263,0.5215831221560038,2.5781154437406486,0.01159281936025158,-0.022677500849626255,0,0,0,2,1.136500315119723,1
-0.8746174190443728,0.4518921116144656,-0.47086804646326946,0.01159281936025158,-0.022677500849626255,1,0,0,2,1.8000033410440757,2
-1.1786400307328437,0.7294116714495187,-0.5409596209507159,0.01159281936025158,-0.022677500849626255,1,0,0,2,1.870667456483234,2
-0.9172139937589662,-3.590186499794731,-0.7161885571693318,1.1215747656851704,-0.022535486137495106,1,0,0,2,2.293848744976515,2
-0.8036231278533836,-3.729568520877806,-0.7161885571693318,0.01159281936025158,-0.022677500849626255,1,0,0,2,2.1328769032237767,2
-1.164441172494646,0.373489724755236,-0.015272812294867932,-0.5433981538022078,-0.02270126369682387,1,1,0,0,1.4715489417067427,1
-0.9255662633108473,-3.5677858178349506,-0.7161885571693318,0.01159281936025158,-0.022677500849626255,1,0,0,0,2.1328769032237767,2
-0.39436191981121127,0.29633182022710425,-0.7161885571693318,-0.2659026672209769,-0.022691413965261937,1,0,0,0,2.0926339427855924,2
-0.9447764832801738,-3.612587181754511,-0.7161885571693318,0.01159281936025158,-0.022677500849626255,1,1,0,0,2.1328769032237767,2
-0.9840321501740148,-3.5528520298617634,-0.7161885571693318,-0.2659026672209769,-0.022691413965261937,1,0,0,0,2.0926339427855924,2
-1.1544184490323885,0.7754575177001782,-0.7161885571693318,0.2890883059414825,-0.02265784805142817,1,1,0,0,2.1731198636619613,2
0.5235525039405182,0.3846900657351265,0.08986454943630166,1.6765657388476298,-0.022346731132830054,1,1,0,0,1.6594718429700974,2
-0.8245038017330864,0.507893816513916,-0.5409596209507159,1.6765657388476298,-0.022346731132830054,1,0,0,0,2.082441130802091,2
-0.8353617521505317,0.4991824401962246,-0.015272812294867932,-0.2659026672209769,-0.022691413965261937,1,0,0,0,1.500402842524522,2
-0.8462197025679771,0.5452282864468824,-0.7161885571693318,-0.5433981538022078,-0.02270126369682387,1,0,0,0,2.052390982347408,2
-1.002407143188153,0.6385644612792991,0.5805055708484265,0.566583792522711,-0.022630087736116487,1,1,0,0,1.4132204415168144,1
-0.8345265251953438,0.5054048518517187,0.8959176560419352,-0.8208936403834363,-0.022708236772760453,1,1,0,0,1.2313927290724722,1
-1.1677820803153982,0.49793795786512507,-0.3657306847320999,-0.8208936403834363,-0.022708236772760453,1,0,0,0,1.6175772657433625,2
-0.37181079202113243,0.47927072289864103,3.13884803964022,-0.5433981538022078,-0.02270126369682387,0,0,0,0,1.0616106700013794,1
1.6135236804609978,0.9111060917899577,0.08986454943630166,0.01159281936025158,-0.022677500849626255,1,1,0,0,1.4907119945324603,1
-0.42025395542204264,0.6335865319549046,-0.5409596209507159,0.2890883059414825,-0.02265784805142817,1,0,0,0,1.9059630688697105,2
-0.9564696606528073,0.7144778834763315,4.085084295220746,-0.8208936403834363,-0.022708236772760453,0,0,0,0,0.9992113612528635,1
0.8325864773601177,-3.0451032387734163,-0.5760054081944391,-0.5433981538022078,-0.02270126369682387,1,0,0,0,1.8394361771334282,2
0.8401035199568107,-3.0612815090777015,0.7206887198233192,0.2890883059414825,-0.02265784805142817,1,0,0,0,1.3601015032591781,1
-0.8829696885962538,0.4780262405675433,0.5454597836047033,-0.8208936403834363,-0.022708236772760453,1,0,0,0,1.291588834036644,1
1.2501999549541711,-1.6873730155445272,-0.7161885571693318,-0.5433981538022078,-0.02270126369682387,1,0,0,0,2.052390982347408,2
-0.978185561487698,0.5614065567511691,0.860871868798212,-0.5433981538022078,-0.02270126369682387,1,0,0,0,1.261423529445262,1
-0.4085607780494091,0.6223861909750141,-0.7161885571693318,-0.8208936403834363,-0.022708236772760453,1,1,0,0,2.012148021909223,2
-0.42944145192911176,0.6472758375969924,-0.7161885571693318,0.8440792791039394,-0.022590875248488167,1,0,0,0,2.25360578453833,2
-0.23399834441509476,0.344866631139961,-0.7161885571693318,0.566583792522711,-0.022630087736116487,1,0,0,0,2.2133628241001455,2
1.5717623327015924,-2.052006338556501,4.190221656951915,-0.2659026672209769,-0.022691413965261937,0,1,0,0,1.0350564625139724,1
1.3470862817559912,-1.8441777892629863,-0.8563717061442246,-0.8208936403834363,-0.022708236772760453,1,0,0,1,2.4044917348149393,2
0.8651603286124538,-3.0189691098203406,-0.5409596209507159,-0.8208936403834363,-0.022708236772760453,1,0,0,1,1.7647806193238058,2
-1.2964070314143668,-0.07079046744706709,-0.8213259189005014,1.6765657388476298,-0.022346731132830054,1,0,0,1,2.6852057185491702,0
0.6630354054569318,1.0007088196290777,-0.05031859953859113,1.6765657388476298,-0.022346731132830054,1,0,0,1,1.7181193896977787,2
0.6947740297540802,1.0044422666223745,-0.7161885571693318,0.2890883059414825,-0.02265784805142817,1,1,0,1,2.1731198636619613,2
0.08088221769082149,-0.18154939491486843,0.12491033668002485,1.399070252266399,-0.022457246938654134,1,1,0,1,1.618520816998617,2
-1.2496343219238326,0.5153607105005096,-0.7161885571693318,0.2890883059414825,-0.02265784805142817,1,0,0,1,2.1731198636619613,2
-1.1168332360489237,0.35108904279545694,-0.2956391102446535,1.6765657388476298,-0.022346731132830054,1,0,0,1,1.8564820846203367,2
-1.0541912144098158,0.1345491171842488,-0.7161885571693318,-0.8208936403834363,-0.022708236772760453,1,0,0,1,2.012148021909223,2
1.5433646162251964,-1.0215749684066195,-0.05031859953859113,-0.8208936403834363,-0.022708236772760453,1,0,0,0,1.4560333810998123,1
-0.8261742556434625,0.5153607105005096,-0.7161885571693318,-0.5433981538022078,-0.02270126369682387,1,1,0,0,2.052390982347408,2
-0.8169867591363934,0.49669347553402554,-0.7161885571693318,-0.8208936403834363,-0.022708236772760453,1,0,0,0,2.012148021909223,2
-0.8470549295231652,0.4854931345541369,-0.19050174851348392,-0.2659026672209769,-0.022691413965261937,1,0,0,0,1.5777479928198515,2
-0.8178219860915815,0.5103827811761132,-0.47086804646326946,0.2890883059414825,-0.02265784805142817,1,0,0,0,1.8339656682335868,2
-0.8027879008981956,0.5029158871895214,-0.08536438678231432,2.7865476851725464,-0.021218668176909945,1,0,0,0,1.852288853909798,2
-0.8052935817637599,0.5041603695206192,-0.3306848974883767,0.2890883059414825,-0.02265784805142817,1,0,0,0,1.7222165400805256,2
-0.8228333478227101,0.517849675162707,1.456650251941506,-0.2659026672209769,-0.022691413965261937,0,0,0,2,1.2081601665854105,1
1.5483759779563253,-0.981751533811456,-0.7161885571693318,1.399070252266399,-0.022457246938654134,1,0,0,2,2.334091705414699,2
1.5400237084044441,-0.9643287811760715,0.08986454943630166,3.0640431717537773,-0.020597192129894016,1,0,0,2,1.8001050500014617,2
1.6060066378643045,-0.9394391345540932,-0.7161885571693318,-0.5433981538022078,-0.02270126369682387,1,0,0,2,2.052390982347408,2
1.3830010408290805,-0.14670388964409933,0.6505971453358728,-0.5433981538022078,-0.02270126369682387,1,0,0,2,1.2971073685346155,1
-0.3960323737215876,0.6522537669213869,-0.7161885571693318,-0.5433981538022078,-0.02270126369682387,1,1,0,2,2.052390982347408,2
0.5786774829829333,0.39091247739062057,1.5267418264289525,-0.8208936403834363,-0.022708236772760453,0,0,0,2,1.1545388753188437,1
-1.2872195349072975,0.09721464725128244,-0.7161885571693318,-0.8208936403834363,-0.022708236772760453,1,0,0,2,2.012148021909223,2
1.201756791553261,-0.029722550520803904,1.2113297412354438,-0.8208936403834363,-0.022708236772760453,1,1,0,2,1.189147567396789,1
-1.0491798526786873,0.7866578586800687,2.122520209572247,-0.2659026672209769,-0.022691413965261937,0,1,0,2,1.1472445354712875,1
-0.23733925223584726,0.3162435375246878,0.26509348565491764,-0.8208936403834363,-0.022708236772760453,1,0,0,2,1.355425153409084,1
0.8685012364332062,-2.867142265426276,-0.7161885571693318,0.566583792522711,-0.022630087736116487,1,1,0,2,2.2133628241001455,2
1.6043361839539285,-0.45160206076332793,0.5104139963609801,0.01159281936025158,-0.022677500849626255,1,1,0,0,1.376570601513039,1
-0.9422708024146094,0.28139803225391874,-0.4358222592195463,0.8440792791039394,-0.022590875248488167,1,1,0,0,1.8693259238938706,2
-0.39436191981121127,0.5962520620219383,-0.7161885571693318,0.8440792791039394,-0.022590875248488167,1,0,0,0,2.25360578453833,2
-1.072566207423954,-0.06083460879827617,-0.7161885571693318,0.566583792522711,-0.022630087736116487,1,0,0,0,2.2133628241001455,2
-1.0049128240537175,0.5688734507377627,1.3164671029666135,-0.8208936403834363,-0.022708236772760453,1,1,0,0,1.1768872777619341,1
-1.3440149678600888,0.04743535400732611,-0.6460969826818854,-0.2659026672209769,-0.022691413965261937,1,0,0,0,1.9704005447877464,2
0.7674387748554452,0.40335730070160875,0.12491033668002485,0.01159281936025158,-0.022677500849626255,1,0,0,0,1.4789931603608053,1
-1.3081002087870002,-0.07576839677146342,-0.7161885571693318,0.566583792522711,-0.022630087736116487,1,1,0,0,2.2133628241001455,2
-0.24903242960848065,0.40335730070160875,-0.12041017402603753,0.2890883059414825,-0.02265784805142817,1,1,0,0,1.6036607036161985,2
-1.0032423701433413,0.6808768605366619,-0.5760054081944391,0.566583792522711,-0.022630087736116487,1,0,0,0,1.9837056812223248,2
1.5266600771214347,-1.6301268283139771,1.246375528479167,-0.5433981538022078,-0.02270126369682387,1,0,0,0,1.2086718063682607,1
1.5266600771214347,-1.5815920174011204,3.4542601248337284,0.01159281936025158,-0.022677500849626255,0,1,0,0,1.0871354836812872,1
0.9394955276241954,-2.9816346398873725,-0.7862801316567782,0.01159281936025158,-0.022677500849626255,1,0,0,0,2.3017607540872342,2
-1.0759071152447064,0.7679906237135846,0.15995612392374806,0.8440792791039394,-0.022590875248488167,1,1,0,0,1.5508522030896013,2
0.8275751156289891,-3.101104943672867,-0.7161885571693318,4.729016091241153,-0.00582225160256575,1,0,0,0,2.8170072306729126,0
0.8267398886738009,-3.129728037288142,-0.8213259189005014,0.8440792791039394,-0.022590875248488167,1,1,0,0,2.5486698345551444,0
0.8543023781950085,-3.081193226375285,-0.7161885571693318,-0.5433981538022078,-0.02270126369682387,1,0,0,0,2.052390982347408,2
0.8417739738671868,-3.0799487440441853,-0.7161885571693318,1.1215747656851704,-0.022535486137495106,1,0,0,0,2.293848744976515,2
0.8284103425841771,-3.0737263323886914,-0.7161885571693318,-0.2659026672209769,-0.022691413965261937,1,0,0,0,2.0926339427855924,2
0.8075296687044744,-3.091149085024076,-0.751234344413055,5.284007064403612,0.011000555895950975,1,0,0,0,3.0026332182545734,0
0.9411659815345716,1.1512911816920426,-0.5409596209507159,0.8440792791039394,-0.022590875248488167,1,1,0,0,1.9765542936426623,2
-1.306429754876624,0.6796323782055623,-0.7161885571693318,-0.5433981538022078,-0.02270126369682387,1,0,0,0,2.052390982347408,2
-0.9715037458461931,0.5564286274267728,1.246375528479167,-0.2659026672209769,-0.022691413965261937,1,0,0,0,1.2323712535519522,1
1.36546127477013,-1.8180436603099104,-0.3657306847320999,-0.5433981538022078,-0.02270126369682387,1,1,0,0,1.6499288110582295,2
0.561137716923983,0.5390058747913883,-0.4358222592195463,-0.8208936403834363,-0.022708236772760453,1,0,0,0,1.6690410034766703,2
1.3454158278456154,-1.8304884836208986,-0.7161885571693318,0.2890883059414825,-0.02265784805142817,1,0,0,0,2.1731198636619613,2
1.2927965296687645,-1.4857668779065063,-0.5409596209507159,-0.8208936403834363,-0.022708236772760453,1,0,0,0,1.7647806193238058,2
-1.0516855335442512,0.7866578586800687,-0.7161885571693318,-0.2659026672209769,-0.022691413965261937,1,1,0,0,2.0926339427855924,2
-1.0700605265583898,0.8526154222283082,-0.3306848974883767,0.01159281936025158,-0.022677500849626255,1,0,0,0,1.6903236411901452,2
-1.0566968952753801,0.7829244116867718,-0.6110511954381623,2.2315567120100868,-0.021970115385260103,1,0,0,0,2.2525431757200156,2
0.9545296128175813,-1.004152215771235,-0.6460969826818854,-0.8208936403834363,-0.022708236772760453,1,0,0,1,1.894615908449756,2
-0.6407538715917029,0.10592602356897383,0.15995612392374806,-0.2659026672209769,-0.022691413965261937,1,0,0,1,1.4400770457260585,1
1.6920350142486795,0.6858547898610582,-0.751234344413055,0.566583792522711,-0.022630087736116487,1,0,0,1,2.2936781528333547,2
1.3320521965626053,-1.8242660719654045,-0.4007764719758231,0.8440792791039394,-0.022590875248488167,1,0,0,1,1.8393689370170858,2
0.7273478810064161,1.1861366869628118,0.26509348565491764,-0.5433981538022078,-0.02270126369682387,1,0,0,1,1.3825336564772654,1
0.9779159675628482,0.6062079206707292,0.33518506014236404,-0.5433981538022078,-0.02270126369682387,1,0,0,1,1.3644865707371752,1
0.7382058314238616,1.1811587576384155,0.37023084738608725,0.2890883059414825,-0.02265784805142817,1,0,0,0,1.435711962644201,1
0.6170979229215863,0.2278852920166656,-0.015272812294867932,0.566583792522711,-0.022630087736116487,1,0,0,0,1.5869645449778598,2
1.4255976155436736,-0.5897395995153047,-0.7161885571693318,-0.8208936403834363,-0.022708236772760453,1,0,0,2,2.012148021909223,2
1.2919613027135766,0.5041603695206192,-0.3657306847320999,-0.2659026672209769,-0.022691413965261937,1,0,0,2,1.682280356373097,2
-1.0349809944404893,0.7331451184428155,0.19500191116747126,1.6765657388476298,-0.022346731132830054,1,1,0,2,1.6219547086807122,2
1.1449613586004694,1.1164456764212736,-0.7161885571693318,0.2890883059414825,-0.02265784805142817,1,0,0,2,2.1731198636619613,2
-1.0383219022612418,0.6273641202994105,0.7557345070670424,1.399070252266399,-0.022457246938654134,1,0,0,2,1.4540043109461818,1
-1.4350547059755923,0.2726866559362256,-0.05031859953859113,-0.5433981538022078,-0.02270126369682387,1,1,0,2,1.4851540487218085,1
1.0347114005156397,-1.0750877086438728,-0.5409596209507159,-0.8208936403834363,-0.022708236772760453,1,0,0,2,1.7647806193238058,2
0.6697172210984369,0.5601620744200696,2.122520209572247,1.399070252266399,-0.022457246938654134,0,0,0,2,1.2796189049487436,1
-1.0450037179027467,0.5900296503664424,-0.2605933230009303,-0.5433981538022078,-0.02270126369682387,1,0,0,2,1.58440408312701,2
1.8315179157650936,-0.2773745344094843,-0.7161885571693318,-0.2659026672209769,-0.022691413965261937,1,0,0,2,2.0926339427855924,2
-0.28160628086081685,0.43198039431688373,0.8258260815544888,-0.8208936403834363,-0.022708236772760453,1,1,0,0,1.2421274919923457,1
-0.5772766229974068,0.2764201029295224,1.3164671029666135,-0.5433981538022078,-0.02270126369682387,1,0,0,0,1.2004250233171727,1
0.5427627239098447,-1.1198890725634327,-0.7161885571693318,-0.8208936403834363,-0.022708236772760453,1,0,0,0,2.012148021909223,2
-1.3022536201006836,0.2764201029295224,0.15995612392374806,0.2890883059414825,-0.02265784805142817,1,1,0,0,1.49546462440783,1
0.7991773991525936,0.3174880198557856,0.23004769841119443,-0.2659026672209769,-0.022691413965261937,1,1,0,0,1.4193837861288665,1
1.2643988131923691,-1.7533305790927685,-0.7161885571693318,-0.8208936403834363,-0.022708236772760453,1,0,0,0,2.012148021909223,2
-0.9330833059075403,0.2988207848893033,-0.4007764719758231,0.2890883059414825,-0.02265784805142817,1,0,0,0,1.773677189266476,2
-0.5580664030280803,0.4095797123571046,0.30013927289864084,-0.5433981538022078,-0.02270126369682387,1,0,0,0,1.3733407911283941,1
-1.0775775691550828,0.3274438785045765,-0.5409596209507159,0.2890883059414825,-0.02265784805142817,1,1,0,0,1.9059630688697105,2
-0.5889698003700402,0.3013097495515006,0.9660092305293816,-0.2659026672209769,-0.022691413965261937,1,0,0,0,1.270044550715056,1
0.9244614424308095,-0.9593508518516751,-0.5409596209507159,-0.8208936403834363,-0.022708236772760453,1,1,0,0,1.7647806193238058,2
-1.1435604986149432,0.29010940857161016,-0.2605933230009303,-0.5433981538022078,-0.02270126369682387,1,0,0,0,1.58440408312701,2
-1.048344625723499,0.5738513800621573,0.37023084738608725,-0.2659026672209769,-0.022691413965261937,1,0,0,0,1.3825374455092305,1
1.4949214528242865,-2.089340808489469,-0.3657306847320999,0.2890883059414825,-0.02265784805142817,1,1,0,0,1.7469834470028316,2
1.5333418927629394,-0.9755291221559619,-0.6110511954381623,1.9540612254288583,-0.022190623407829305,1,0,0,0,2.2156162384131304,2
-1.0441684909475584,0.7555458004025963,0.23004769841119443,0.01159281936025158,-0.022677500849626255,1,0,0,0,1.4466796281698062,1
0.7582512783483761,0.7729685530379792,-0.5409596209507159,-0.8208936403834363,-0.022708236772760453,1,1,0,0,1.7647806193238058,2
0.4726036596740437,0.5153607105005096,1.5617876136726758,1.1215747656851704,-0.022535486137495106,0,0,0,0,1.3122134733115118,1
-1.2170604706714965,0.715722365807431,-0.6811427699256086,2.5090521985913177,-0.02165863952449058,1,1,0,0,2.4172017205579364,2
-1.2329297828200707,0.6908327191854527,-0.2956391102446535,-0.8208936403834363,-0.022708236772760453,1,0,0,0,1.5732899022206244,2
0.6530126819946748,0.7742130353690787,-0.2605933230009303,-0.5433981538022078,-0.02270126369682387,1,0,0,0,1.58440408312701,2
0.6905978949781396,0.49420451087182826,0.7907802943107656,0.566583792522711,-0.022630087736116487,1,1,0,0,1.372483830460665,1
0.6697172210984369,0.7816799293556723,-0.015272812294867932,-0.5433981538022078,-0.02270126369682387,1,1,0,0,1.4715489417067427,1
0.7006206184403969,0.520338639824906,1.3515128902103366,0.8440792791039394,-0.022590875248488167,1,0,0,0,1.3137275520410192,1
-1.1953445698366056,0.03623501302743744,-0.47086804646326946,0.2890883059414825,-0.02265784805142817,1,1,0,1,1.8339656682335868,2
0.5293990926268349,-2.506242389407597,-0.47086804646326946,-0.8208936403834363,-0.022708236772760453,1,1,0,1,1.698116359475543,2
-0.9815264693084503,0.5514506981023782,1.1412381667479974,0.566583792522711,-0.022630087736116487,1,0,0,1,1.317558636608602,1
0.749063781841307,0.31375457286248876,0.44032242187353365,0.01159281936025158,-0.022677500849626255,1,0,0,1,1.3922957483734741,1
-1.0525207604994395,-0.19399421822585838,-0.6460969826818854,-0.5433981538022078,-0.02270126369682387,1,0,0,1,1.932508226618751,2
-1.2604922723412781,-0.10314700805563888,-0.7161885571693318,-0.2659026672209769,-0.022691413965261937,1,1,0,1,2.0926339427855924,2
-1.2087082011196155,0.5153607105005096,-0.7161885571693318,-0.8208936403834363,-0.022708236772760453,1,0,0,1,2.012148021909223,2
-0.6357425098605742,0.3822011010729292,0.08986454943630166,-0.8208936403834363,-0.022708236772760453,1,0,0,1,1.4063320703136417,1
-1.1945093428814177,0.31873250218688515,-0.19050174851348392,-0.8208936403834363,-0.022708236772760453,1,1,0,1,1.5170653777113956,2
-0.25153811047404506,0.37971213641073015,0.15995612392374806,0.2890883059414825,-0.02265784805142817,1,0,0,1,1.49546462440783,1
-1.3089354357421883,-0.10563597271783616,-0.5760054081944391,0.566583792522711,-0.022630087736116487,1,0,0,1,1.9837056812223248,2
-1.204532066343675,0.5327834631358942,-0.5760054081944391,0.01159281936025158,-0.022677500849626255,1,0,0,1,1.9115709291778764,2
-1.1819809385535962,0.5352724277980915,-0.6811427699256086,0.2890883059414825,-0.02265784805142817,1,1,0,1,2.1053047243569125,2
-0.7301231557968303,0.4854931345541369,-0.6460969826818854,0.2890883059414825,-0.02265784805142817,1,0,0,1,2.0461851811257366,2
-0.6307311481294455,0.5029158871895214,-0.751234344413055,1.399070252266399,-0.022457246938654134,1,0,0,1,2.4187878702606285,2
-1.3331570174426435,0.17686151644161152,-0.7161885571693318,-0.5433981538022078,-0.02270126369682387,1,1,0,1,2.052390982347408,2
-0.7142538436482562,0.552695180433476,-0.5760054081944391,0.566583792522711,-0.022630087736116487,1,0,0,1,1.9837056812223248,2
-0.9773503345325099,-3.590186499794731,-0.6811427699256086,-0.2659026672209769,-0.022691413965261937,1,0,0,1,2.0273304753066563,2
-1.1744638959569031,0.42575798266138964,-0.7161885571693318,-0.5433981538022078,-0.02270126369682387,1,0,0,1,2.052390982347408,2
-1.2554809106101494,0.3846900657351265,-0.08536438678231432,1.6765657388476298,-0.022346731132830054,1,1,0,1,1.7346832123917157,2
-1.1527479951220123,0.43198039431688373,-0.2956391102446535,0.566583792522711,-0.022630087736116487,1,1,0,1,1.7306188924426866,2
-1.1285264134215574,0.4245135003302901,0.12491033668002485,-0.2659026672209769,-0.022691413965261937,1,1,0,1,1.4510876290332428,1
-1.1560889029427648,0.4170466063436965,-0.4007764719758231,-0.2659026672209769,-0.022691413965261937,1,1,0,1,1.7079854415158657,2
-1.2220718324026252,0.19055082208369925,-0.7161885571693318,-0.8208936403834363,-0.022708236772760453,1,0,0,1,2.012148021909223,2
-1.1318673212423096,0.29259837323380744,-0.47086804646326946,-0.8208936403834363,-0.022708236772760453,1,1,0,1,1.698116359475543,2
-1.2270831941337539,0.2789090675917197,-0.7161885571693318,-0.5433981538022078,-0.02270126369682387,1,1,0,1,2.052390982347408,2
-1.0141003205607866,0.6149192969884205,1.0361008050168279,-0.8208936403834363,-0.022708236772760453,1,0,0,1,1.2114943526234054,1
-1.4141740320958898,0.22912977434776513,-0.6460969826818854,-0.2659026672209769,-0.022691413965261937,1,1,0,1,1.9704005447877464,2
-1.3456854217704648,0.23908563299655605,-0.22554753575720712,0.01159281936025158,-0.022677500849626255,1,0,0,1,1.6267166850797146,2
-1.2320945558648826,-0.007321868561024793,-0.5409596209507159,2.5090521985913177,-0.02165863952449058,1,0,0,1,2.188327967961519,2
-1.4175149399166422,0.24157459765875333,-0.2605933230009303,0.01159281936025158,-0.022677500849626255,1,0,0,1,1.6465375765829713,2
-1.2178956976266848,-0.004832903898827508,-0.3306848974883767,-0.5433981538022078,-0.02270126369682387,1,0,0,1,1.626537843409385,2
-1.1360434560182502,0.29633182022710425,-0.7161885571693318,-0.5433981538022078,-0.02270126369682387,1,1,0,1,2.052390982347408,2
-1.1761343498672794,0.4170466063436965,-0.6460969826818854,-0.5433981538022078,-0.02270126369682387,1,0,0,1,1.932508226618751,2
-1.236270690640823,0.38966799505952104,-0.7161885571693318,0.01159281936025158,-0.022677500849626255,1,0,0,1,2.1328769032237767,2
-1.2011911585229225,0.4431807352967742,-0.7161885571693318,-0.8208936403834363,-0.022708236772760453,1,0,0,1,2.012148021909223,2
-1.3473558756808415,0.16939462245501788,-0.7161885571693318,-0.8208936403834363,-0.022708236772760453,1,0,0,1,2.012148021909223,2
-1.2563161375653376,-0.10563597271783616,-0.6460969826818854,0.8440792791039394,-0.022590875248488167,1,1,0,1,2.1219698174637265,2
-1.134373002107874,-0.11061390204223251,-0.751234344413055,0.566583792522711,-0.022630087736116487,1,1,0,1,2.2936781528333547,2
-1.4033160816784445,0.27144217360512785,-0.751234344413055,-0.5433981538022078,-0.02270126369682387,1,1,0,1,2.126865196263656,2
-1.242952506282328,0.05365776566282198,-0.6460969826818854,-0.8208936403834363,-0.022708236772760453,1,1,0,1,1.894615908449756,2
-1.3648956417397915,0.22166288036117152,-0.5409596209507159,0.566583792522711,-0.022630087736116487,1,1,0,1,1.9412586812561863,2
-1.2521400027893972,0.30628767887589514,-0.6460969826818854,0.2890883059414825,-0.02265784805142817,1,1,0,1,2.0461851811257366,2
-1.2471286410582685,0.2801535499228192,-0.5409596209507159,-0.8208936403834363,-0.022708236772760453,1,1,0,1,1.7647806193238058,2
-1.1009639239003497,-0.09194666707574843,-0.5760054081944391,-0.8208936403834363,-0.022708236772760453,1,1,0,1,1.8033688011112043,2
-1.148571860346072,0.2988207848893033,-0.5409596209507159,-0.2659026672209769,-0.022691413965261937,1,1,0,1,1.8353718440967581,2
-1.1794752576880319,0.19428426907699606,-0.5760054081944391,-0.5433981538022078,-0.02270126369682387,1,1,0,1,1.8394361771334282,2
-1.3598842800086628,0.18930633975259972,-0.7161885571693318,0.2890883059414825,-0.02265784805142817,1,0,0,1,2.1731198636619613,2
-1.3039240740110598,0.03250156603414062,-0.7161885571693318,0.2890883059414825,-0.02265784805142817,1,0,0,1,2.1731198636619613,2
-1.267174087982783,0.2789090675917197,-0.7161885571693318,-0.8208936403834363,-0.022708236772760453,1,0,0,1,2.012148021909223,2
-1.3724126843364843,0.2789090675917197,-0.7862801316567782,-0.2659026672209769,-0.022691413965261937,1,0,0,1,2.2583313058969092,2
-1.3147820244285051,0.044946389345128825,-0.751234344413055,0.566583792522711,-0.022630087736116487,1,0,0,1,2.2936781528333547,2
-1.237105917596011,0.373489724755236,-0.7161885571693318,-0.2659026672209769,-0.022691413965261937,1,0,0,1,2.0926339427855924,2
-0.9506230719664904,0.022545707385349712,-0.47086804646326946,-0.8208936403834363,-0.022708236772760453,1,0,0,1,1.698116359475543,2
-1.2295888749993182,0.26770872661183104,-0.7161885571693318,-0.8208936403834363,-0.022708236772760453,1,0,0,1,2.012148021909223,2
-1.1452309525253193,0.2515304563075442,-0.5059138337069927,-0.8208936403834363,-0.022708236772760453,1,0,0,1,1.7298812813059679,2
-1.3481911026360294,0.2876204439094129,-0.7161885571693318,0.01159281936025158,-0.022677500849626255,1,0,0,1,2.1328769032237767,2
-1.2771968114450403,0.283886996916116,-0.5409596209507159,-0.2659026672209769,-0.022691413965261937,1,0,0,1,1.8353718440967581,2
-1.1752991229120913,-0.10936941971113298,-0.7161885571693318,1.399070252266399,-0.022457246938654134,1,0,0,1,2.334091705414699,2
-1.368236549560544,0.30006526722040106,-0.7161885571693318,0.566583792522711,-0.022630087736116487,1,0,0,1,2.2133628241001455,2
-1.4216910746925826,0.28139803225391874,-0.7161885571693318,-0.2659026672209769,-0.022691413965261937,1,0,0,1,2.0926339427855924,2
-1.3715774573812964,0.2627307972874347,-0.19050174851348392,8.058961930215904,1.0437749966673,1,0,0,1,2.4879872194466888,2
-1.3197933861596336,0.16566117546172107,-0.7161885571693318,0.2890883059414825,-0.02265784805142817,1,0,0,1,2.1731198636619613,2
-1.1961797967917938,0.23908563299655605,-0.5760054081944391,-0.2659026672209769,-0.022691413965261937,1,0,0,1,1.8755035531556525,2
-1.2237422863130014,-0.03221151518300296,-0.7161885571693318,-0.5433981538022078,-0.02270126369682387,1,0,0,1,2.052390982347408,2
-1.218730924581873,-0.02101117420311252,-0.15545596126976072,0.2890883059414825,-0.02265784805142817,1,0,0,1,1.6205487939022307,2
-1.2237422863130014,-0.016033244878716178,-0.3657306847320999,0.2890883059414825,-0.02265784805142817,1,0,0,1,1.7469834470028316,2
-1.3306513365770791,0.15943876380622699,-0.5409596209507159,1.9540612254288583,-0.022190623407829305,1,0,0,1,2.117736743188567,2
-1.338168379173772,0.1718835871172152,-0.7161885571693318,1.6765657388476298,-0.022346731132830054,1,0,0,1,2.3743346658528837,2
-1.2629979532068425,0.3535780074576542,-0.3657306847320999,8.613952903378367,2.1052223912638697,1,0,0,1,2.717529806448849,0
-1.0842593847965876,0.632342049623805,-0.015272812294867932,-0.5433981538022078,-0.02270126369682387,1,1,0,0,1.4715489417067427,1
0.7382058314238616,-0.3196869336668452,-0.12041017402603753,-0.8208936403834363,-0.022708236772760453,1,1,0,0,1.4848710218668504,1
-0.736804971438335,0.4419362529656747,-0.015272812294867932,-0.8208936403834363,-0.022708236772760453,1,0,0,0,1.4426950408889634,1
-0.7468276949005924,0.4270024649924892,-0.47086804646326946,0.566583792522711,-0.022630087736116487,1,0,0,0,1.8679279954230974,2
-1.0508503065890633,0.8750161041880891,0.5805055708484265,-0.8208936403834363,-0.022708236772760453,1,0,0,0,1.2847458559243767,1
-1.0374866753060537,0.5340279454669937,0.08986454943630166,-0.2659026672209769,-0.022691413965261937,1,0,0,2,1.4625853531261874,1
1.5483759779563253,-1.2953610812483758,-0.7161885571693318,-0.5433981538022078,-0.02270126369682387,1,0,0,2,2.052390982347408,2
1.2852794870720718,-0.879703982661346,-0.2956391102446535,-0.8208936403834363,-0.022708236772760453,1,1,0,2,1.5732899022206244,2
-0.899674227700016,0.265219761949632,-0.6460969826818854,-0.8208936403834363,-0.022708236772760453,1,1,0,2,1.894615908449756,2
1.1407852238245293,-1.499456183548594,-0.7161885571693318,-0.8208936403834363,-0.022708236772760453,1,1,0,2,2.012148021909223,2
-1.2145547898059323,0.7729685530379792,0.33518506014236404,-0.5433981538022078,-0.02270126369682387,1,0,0,2,1.3644865707371752,1
-1.2680093149379712,0.29633182022710425,-0.7161885571693318,-0.5433981538022078,-0.02270126369682387,1,0,0,2,2.052390982347408,2
-1.2095434280748036,0.7493233887471005,-0.5409596209507159,-0.2659026672209769,-0.022691413965261937,1,1,0,2,1.8353718440967581,2
-1.2404468254167635,0.34611111347106055,-0.6811427699256086,4.174025118078694,-0.014253627954591465,1,1,0,2,2.6511244677087045,0
-1.0700605265583898,0.8003471643221564,0.5104139963609801,-0.5433981538022078,-0.02270126369682387,1,1,0,2,1.3246245410785846,1
0.8785239598954636,-2.944300169954406,-0.7161885571693318,-0.8208936403834363,-0.022708236772760453,1,0,0,2,2.012148021909223,2
-0.8503958373439177,0.41580212401259875,0.23004769841119443,-0.5433981538022078,-0.02270126369682387,1,0,0,2,1.3920879440879266,1
0.9653875632350266,-2.7576278202895725,-0.5760054081944391,-0.5433981538022078,-0.02270126369682387,1,0,0,2,1.8394361771334282,2
-1.1009639239003497,0.3759786894174333,-0.7161885571693318,-0.2659026672209769,-0.022691413965261937,1,1,0,2,2.0926339427855924,2
-0.806964035674136,0.4693148642498501,0.5104139963609801,-0.8208936403834363,-0.022708236772760453,1,1,0,2,1.2986515108613577,1
-0.8253390286882745,0.491715546209631,0.26509348565491764,0.01159281936025158,-0.022677500849626255,1,1,0,2,1.436750662613629,1
1.772216801946738,-1.6326157929761762,-0.47086804646326946,0.01159281936025158,-0.022677500849626255,1,0,0,2,1.8000033410440757,2
1.1925692950461917,-0.8050350427954133,-0.7161885571693318,-0.8208936403834363,-0.022708236772760453,1,0,0,2,2.012148021909223,2
-0.8011174469878193,0.3411331841466642,-0.2956391102446535,-0.5433981538022078,-0.02270126369682387,1,1,0,2,1.6047557002650366,2
-0.7777310922425524,0.4431807352967742,-0.12041017402603753,0.566583792522711,-0.022630087736116487,1,1,0,2,1.6333581240535355,2
0.686421760202199,0.9310178090875395,0.5104139963609801,-0.2659026672209769,-0.022691413965261937,1,0,0,0,1.350597571295812,1
0.6413195046220412,0.597496544353036,2.893527528934157,1.399070252266399,-0.022457246938654134,0,0,0,0,1.2223567889053646,1
0.32476848860574886,-2.471396884136828,-0.7161885571693318,-0.2659026672209769,-0.022691413965261937,1,1,0,0,2.0926339427855924,2
-1.1995207046125465,0.7231892597940246,-0.3657306847320999,1.1215747656851704,-0.022535486137495106,1,1,0,0,1.8440380829474332,2
-0.290793777367886,0.6821213428677614,-0.7161885571693318,-0.8208936403834363,-0.022708236772760453,1,0,0,0,2.012148021909223,2
-0.36095284160368696,0.6858547898610582,-0.4007764719758231,-0.2659026672209769,-0.022691413965261937,1,0,0,0,1.7079854415158657,2
1.617699815236938,-1.6687057805780432,1.8071081243787381,-0.8208936403834363,-0.022708236772760453,0,0,0,0,1.1284601072437197,1
0.8827000946714042,-0.21888386484783656,0.5104139963609801,4.451520604659924,-0.0107588113160615,1,0,0,0,1.7921390849886736,2
1.5266600771214347,-0.9643287811760715,0.30013927289864084,-0.2659026672209769,-0.022691413965261937,1,0,0,0,1.4002690419348334,1
-1.0600378030961326,0.5900296503664424,0.15995612392374806,-0.2659026672209769,-0.022691413965261937,1,0,0,0,1.4400770457260585,1
1.7020577377109367,0.6559872139146837,-0.7161885571693318,-0.8208936403834363,-0.022708236772760453,1,1,0,0,2.012148021909223,2
0.8676660094780183,-3.14217286059913,-0.7161885571693318,1.1215747656851704,-0.022535486137495106,1,0,0,0,2.293848744976515,2
0.6396490507116651,1.066666383177319,0.7557345070670424,-0.5433981538022078,-0.02270126369682387,1,0,0,0,1.278521032038884,1
1.3579442321734367,-0.3420876156266261,-0.3657306847320999,-0.8208936403834363,-0.022708236772760453,1,1,0,0,1.6175772657433625,2
1.2902908488031999,0.7356340831050128,-0.05031859953859113,-0.2659026672209769,-0.022691413965261937,1,0,0,1,1.5142747163438048,2
0.6605297245913677,1.0206205369266594,-0.6460969826818854,0.2890883059414825,-0.02265784805142817,1,0,0,1,2.0461851811257366,2
-0.6282254672638813,0.2826425145850165,-0.5409596209507159,1.6765657388476298,-0.022346731132830054,1,0,0,1,2.082441130802091,2
0.8568080590605727,-0.3035086633625602,-0.751234344413055,-0.8208936403834363,-0.022708236772760453,1,0,0,1,2.0851619571212314,2
-1.0917764273932804,0.6746544488811678,0.7907802943107656,1.1215747656851704,-0.022535486137495106,1,0,0,1,1.4223923333865076,1
1.0271943579189464,-1.17962422445618,-0.751234344413055,0.566583792522711,-0.022630087736116487,1,0,0,1,2.2936781528333547,2
1.5951486874468594,-1.7433747204439776,1.9823370605973543,-0.8208936403834363,-0.022708236772760453,0,0,0,0,1.113924049120151,1
0.6254501924734671,0.9285288444253404,-0.2605933230009303,0.2890883059414825,-0.02265784805142817,1,0,0,0,1.677604323310952,2
-0.7192652053793849,0.24655252698314967,-0.15545596126976072,-0.2659026672209769,-0.022691413965261937,1,0,0,0,1.560528468202148,2
-1.1477366333908838,0.731900636111716,0.15995612392374806,-0.8208936403834363,-0.022708236772760453,1,1,0,0,1.3846894670442869,1
0.6388138237564769,0.552695180433476,0.08986454943630166,3.0640431717537773,-0.020597192129894016,1,0,0,2,1.8001050500014617,2
-0.563077764759209,0.49296002854072873,-0.7161885571693318,0.566583792522711,-0.022630087736116487,1,0,0,2,2.2133628241001455,2
-1.1677820803153982,0.6472758375969924,0.08986454943630166,0.8440792791039394,-0.022590875248488167,1,0,0,2,1.5750919187512786,2
-1.212049108940368,0.6659430725634746,0.08986454943630166,0.2890883059414825,-0.02265784805142817,1,0,0,2,1.5188386359387334,2
-1.2337650097752588,0.7592792473958914,-0.7161885571693318,-0.5433981538022078,-0.02270126369682387,1,1,0,2,2.052390982347408,2
-1.242952506282328,0.7505678710782,-0.7161885571693318,-0.8208936403834363,-0.022708236772760453,1,0,0,2,2.012148021909223,2
-1.2011911585229225,0.7468344240849032,-0.7161885571693318,1.399070252266399,-0.022457246938654134,1,0,0,2,2.334091705414699,2
-1.0784127961102707,-0.004832903898827508,-0.7161885571693318,0.2890883059414825,-0.02265784805142817,1,0,0,2,2.1731198636619613,2
-1.135208229063062,0.734389600773915,0.08986454943630166,0.2890883059414825,-0.02265784805142817,1,1,0,2,1.5188386359387334,2
-1.2103786550299918,0.7194558128007278,-0.12041017402603753,0.8440792791039394,-0.022590875248488167,1,0,0,2,1.6630555444908723,2
-0.9957253275466483,0.6149192969884205,0.6155513580921496,-0.5433981538022078,-0.02270126369682387,1,1,0,2,1.3036733150401905,1
1.0848250178269259,-2.6157568345442987,-0.7161885571693318,-0.5433981538022078,-0.02270126369682387,1,1,0,2,2.052390982347408,2
-0.3242028555754103,0.2515304563075442,0.08986454943630166,-0.8208936403834363,-0.022708236772760453,1,0,0,0,1.4063320703136417,1
-0.8871458233721944,0.507893816513916,2.2276575713034164,0.8440792791039394,-0.022590875248488167,0,1,0,0,1.2269002637590432,1
-1.1310320942871215,0.6485203199280901,0.08986454943630166,-0.5433981538022078,-0.02270126369682387,1,0,0,0,1.4344587117199146,1
1.0347114005156397,-2.599578564240014,-0.7161885571693318,-0.5433981538022078,-0.02270126369682387,1,1,0,0,2.052390982347408,2
-1.0458389448579346,0.6398089436103986,0.08986454943630166,0.566583792522711,-0.022630087736116487,1,0,0,0,1.546965277345006,2
-1.0299696327093606,0.6398089436103986,0.08986454943630166,-0.2659026672209769,-0.022691413965261937,1,0,0,0,1.4625853531261874,1
-0.7919299504807501,0.5029158871895214,-0.7161885571693318,0.2890883059414825,-0.02265784805142817,1,0,0,0,2.1731198636619613,2
1.3378987852489221,0.7431009770916064,-0.7161885571693318,-0.8208936403834363,-0.022708236772760453,1,1,0,0,2.012148021909223,2
-0.3667994302900037,0.2664642442807315,-0.7161885571693318,-0.5433981538022078,-0.02270126369682387,1,1,0,0,2.052390982347408,2
-0.5012709700752891,0.6062079206707292,-0.7161885571693318,-0.8208936403834363,-0.022708236772760453,1,1,0,0,2.012148021909223,2
-0.4854016579267149,0.5638955214133664,-0.7161885571693318,-0.2659026672209769,-0.022691413965261937,1,0,0,0,2.0926339427855924,2
0.9202853076548689,-2.9940794631983625,0.08986454943630166,-0.8208936403834363,-0.022708236772760453,1,1,0,0,1.4063320703136417,1
-0.298310819964579,0.29384285556490697,0.019772974948855264,0.01159281936025158,-0.022677500849626255,1,1,0,0,1.5157982377641739,2
-0.5079527857167939,0.3622893837753456,1.7019707626475686,-0.8208936403834363,-0.022708236772760453,0,0,0,0,1.1377990332835466,1
-0.8052935817637599,0.18930633975259972,0.08986454943630166,-0.5433981538022078,-0.02270126369682387,1,1,0,0,1.4344587117199146,1
-0.23733925223584726,0.39091247739062057,0.08986454943630166,0.01159281936025158,-0.022677500849626255,1,0,0,0,1.4907119945324603,1
-0.5923107081907927,0.21668495103677518,-0.6110511954381623,0.2890883059414825,-0.02265784805142817,1,1,0,0,1.9940546145718174,2
-0.7986117661222552,0.19055082208369925,0.08986454943630166,-0.8208936403834363,-0.022708236772760453,1,0,0,1,1.4063320703136417,1
-0.790259496570374,0.19677323373919334,-0.3306848974883767,0.2890883059414825,-0.02265784805142817,1,0,0,1,1.7222165400805256,2
-0.3333903520824796,0.30628767887589514,-0.7161885571693318,2.2315567120100868,-0.021970115385260103,1,1,0,1,2.454820586729252,2
-0.7785663191977404,0.20299564539468745,0.08986454943630166,-0.5433981538022078,-0.02270126369682387,1,0,0,1,1.4344587117199146,1
-0.790259496570374,0.20050668073249014,0.08986454943630166,-0.5433981538022078,-0.02270126369682387,1,0,0,1,1.4344587117199146,1
-0.7794015461529287,0.22664080968556785,0.08986454943630166,-0.8208936403834363,-0.022708236772760453,1,0,0,1,1.4063320703136417,1
-0.7986117661222552,0.20050668073249014,0.08986454943630166,-0.2659026672209769,-0.022691413965261937,1,1,0,1,1.4625853531261874,1
-0.783577680928869,0.19926219840139062,0.08986454943630166,4.729016091241153,-0.00582225160256575,1,1,0,1,1.9688648984390986,2
-1.0383219022612418,0.6908327191854527,1.246375528479167,0.566583792522711,-0.022630087736116487,1,0,0,1,1.3034695951030264,1
1.3362283313385461,0.7891468233422659,-0.7161885571693318,-0.2659026672209769,-0.022691413965261937,1,0,0,1,2.0926339427855924,2
-0.5054471048512295,0.4431807352967742,2.613161230984372,2.2315567120100868,-0.021970115385260103,0,1,0,1,1.3054190975309794,1
1.3337226504729818,0.7418564947605069,-0.7161885571693318,0.566583792522711,-0.022630087736116487,1,0,0,1,2.2133628241001455,2
-0.24068016005659962,0.40335730070160875,0.08986454943630166,0.01159281936025158,-0.022677500849626255,1,0,0,1,1.4907119945324603,1
-1.1385491368838145,0.7256782244562219,0.08986454943630166,0.8440792791039394,-0.022590875248488167,1,0,0,1,1.5750919187512786,2
-1.1377139099286264,0.7256782244562219,0.08986454943630166,3.3415386583350055,-0.019719333880400307,1,0,0,1,1.8282316914077343,2
-0.30582786256127203,0.283886996916116,0.08986454943630166,-0.8208936403834363,-0.022708236772760453,1,1,0,1,1.4063320703136417,1
1.2694101749234974,0.28886492624051235,0.08986454943630166,-0.5433981538022078,-0.02270126369682387,1,0,0,1,1.4344587117199146,1
1.3320521965626053,0.7580347650647936,-0.7161885571693318,1.399070252266399,-0.022457246938654134,1,0,0,1,2.334091705414699,2
1.327040834831477,0.7679906237135846,-0.7161885571693318,3.3415386583350055,-0.019719333880400307,1,1,0,1,2.6157924284819902,0
1.3345578774281697,0.8103030229709473,-0.7161885571693318,-0.2659026672209769,-0.022691413965261937,1,1,0,1,2.0926339427855924,2
-0.7810720000633048,0.18557289275930292,-0.7161885571693318,0.01159281936025158,-0.022677500849626255,1,1,0,1,2.1328769032237767,2
1.0589329822160947,-2.634424069510783,0.08986454943630166,-0.8208936403834363,-0.022708236772760453,1,0,0,1,1.4063320703136417,1
-0.30415740865089574,0.2876204439094129,0.08986454943630166,3.0640431717537773,-0.020597192129894016,1,1,0,0,1.8001050500014617,2
1.2861147140272597,0.32246594918018195,-0.7161885571693318,0.8440792791039394,-0.022590875248488167,1,0,0,0,2.25360578453833,2
1.2777624444753786,0.283886996916116,-0.7161885571693318,0.566583792522711,-0.022630087736116487,1,0,0,0,2.2133628241001455,2
1.404716941663971,-1.0626428853328846,-0.7161885571693318,-0.8208936403834363,-0.022708236772760453,1,0,0,0,2.012148021909223,2
1.4748760058997716,-2.0544953032187,0.08986454943630166,-0.2659026672209769,-0.022691413965261937,1,1,0,0,1.4625853531261874,1
0.49431956050893433,0.5103827811761132,2.297749145790863,0.566583792522711,-0.022630087736116487,0,1,0,0,1.1995723035302193,1
-1.055026441365004,0.3473555958021601,0.08986454943630166,-0.2659026672209769,-0.022691413965261937,1,1,0,2,1.4625853531261874,1
-1.2680093149379712,0.4780262405675433,-0.5760054081944391,-0.5433981538022078,-0.02270126369682387,1,0,0,2,1.8394361771334282,2
0.7540751435724355,1.1674694519963278,-0.7161885571693318,-0.8208936403834363,-0.022708236772760453,1,0,0,2,2.012148021909223,2
0.8476205625535036,0.15446083448183062,-0.7161885571693318,0.566583792522711,-0.022630087736116487,1,0,0,2,2.2133628241001455,2
0.592041114265943,0.524072086818201,1.38655867745406,0.01159281936025158,-0.022677500849626255,0,0,0,2,1.2392830893283262,1
-0.26239606089149037,0.30628767887589514,-0.12041017402603753,-0.8208936403834363,-0.022708236772760453,1,1,0,2,1.4848710218668504,1
1.6728247942793535,0.7468344240849032,-0.7161885571693318,0.01159281936025158,-0.022677500849626255,1,0,0,2,2.1328769032237767,2
-1.2036968393884868,0.7505678710782,0.08986454943630166,0.566583792522711,-0.022630087736116487,1,0,0,2,1.546965277345006,2
0.4057855032589951,0.1631722107995238,-0.7161885571693318,0.01159281936025158,-0.022677500849626255,1,0,0,2,2.1328769032237767,2
0.9361546198034428,-2.999057392522757,-0.7161885571693318,-0.8208936403834363,-0.022708236772760453,1,1,0,2,2.012148021909223,2
-0.01182797433505832,-2.0594732325430947,-0.7161885571693318,-0.8208936403834363,-0.022708236772760453,1,0,0,2,2.012148021909223,2
-1.197015023746982,0.734389600773915,-0.7161885571693318,1.1215747656851704,-0.022535486137495106,1,1,0,2,2.293848744976515,2
1.5325066658077515,-1.5504799591236482,1.3515128902103366,0.01159281936025158,-0.022677500849626255,1,0,0,2,1.243349290324536,1
-0.3033221816957076,0.29384285556490697,-0.08536438678231432,0.2890883059414825,-0.02265784805142817,1,0,0,2,1.5876761604941128,2
-0.30415740865089574,0.29384285556490697,0.08986454943630166,-0.5433981538022078,-0.02270126369682387,1,0,0,0,1.4344587117199146,1
1.1123875073481335,-0.8647701946881605,-0.7161885571693318,-0.2659026672209769,-0.022691413965261937,1,0,0,0,2.0926339427855924,2
-0.9506230719664904,-3.621298558072203,-0.7161885571693318,0.8440792791039394,-0.022590875248488167,1,1,0,0,2.25360578453833,2
-0.7084072549619395,0.19801771607029287,-0.7161885571693318,2.2315567120100868,-0.021970115385260103,1,0,0,0,2.454820586729252,2
1.6928702412038674,0.6958106485098491,-0.7161885571693318,0.566583792522711,-0.022630087736116487,1,1,0,0,2.2133628241001455,2
-0.2632312878466785,0.39091247739062057,-0.7161885571693318,0.566583792522711,-0.022630087736116487,1,1,0,0,2.2133628241001455,2
-0.7167595245138206,0.19179530441479878,-0.7161885571693318,-0.8208936403834363,-0.022708236772760453,1,1,0,0,2.012148021909223,2
0.8233989808530485,0.11712636454886427,-0.7161885571693318,0.01159281936025158,-0.022677500849626255,1,1,0,0,2.1328769032237767,2
1.4665237363478911,-1.214469729726949,-0.7161885571693318,-0.8208936403834363,-0.022708236772760453,1,0,0,0,2.012148021909223,2
1.5132964458384246,0.2179294333678747,-0.7161885571693318,-0.8208936403834363,-0.022708236772760453,1,1,0,0,2.012148021909223,2
1.8532338165999842,0.7269227067873214,-0.7161885571693318,-0.5433981538022078,-0.02270126369682387,1,0,0,0,2.052390982347408,2
1.1123875073481335,-0.8597922653637642,-0.7161885571693318,-0.8208936403834363,-0.022708236772760453,1,0,0,0,2.012148021909223,2
1.1341034081830241,-1.3886972560807926,0.19500191116747126,-0.8208936403834363,-0.022708236772760453,1,0,0,0,1.374537888712468,1
0.8367626121360583,0.1221042938732606,-0.7161885571693318,2.2315567120100868,-0.021970115385260103,1,0,0,0,2.454820586729252,2
1.664472524727472,0.6273641202994105,-0.7161885571693318,-0.5433981538022078,-0.02270126369682387,1,0,0,0,2.052390982347408,2
1.7262793194113923,0.6721654842189705,-0.7161885571693318,-0.8208936403834363,-0.022708236772760453,1,0,0,0,2.012148021909223,2
1.7496656741566587,0.7368785654361123,-0.7161885571693318,-0.5433981538022078,-0.02270126369682387,1,0,0,0,2.052390982347408,2
1.6903645603383037,0.776702000031276,-0.7161885571693318,-0.2659026672209769,-0.022691413965261937,1,1,0,0,2.0926339427855924,2
-1.009088958829658,0.517849675162707,2.7533443799592643,-0.5433981538022078,-0.02270126369682387,0,0,0,0,1.0829105626244544,1
0.5861945255796263,0.4991824401962246,2.683252805471818,0.8440792791039394,-0.022590875248488167,0,1,0,0,1.1936867912125717,1
1.6686486595034125,0.654742731583586,-0.7161885571693318,-0.8208936403834363,-0.022708236772760453,1,1,0,0,2.012148021909223,2
1.671989567324165,0.6995440955031459,-0.7161885571693318,-0.2659026672209769,-0.022691413965261937,1,1,0,0,2.0926339427855924,2
1.6770009290552936,0.6472758375969924,-0.7161885571693318,-0.2659026672209769,-0.022691413965261937,1,1,0,0,2.0926339427855924,2
1.6886941064279273,0.6510092845902892,-0.7161885571693318,1.399070252266399,-0.022457246938654134,1,0,0,0,2.334091705414699,2
0.6730581289191893,0.6398089436103986,1.9823370605973543,0.01159281936025158,-0.022677500849626255,0,1,0,0,1.18075949206736,1
1.7279497733217681,0.6696765195567714,-0.7161885571693318,-0.2659026672209769,-0.022691413965261937,1,1,0,0,2.0926339427855924,2
1.6970463759798085,0.6485203199280901,-0.7161885571693318,-0.2659026672209769,-0.022691413965261937,1,1,0,0,2.0926339427855924,2
-1.0341457674853012,0.5900296503664424,0.08986454943630166,-0.8208936403834363,-0.022708236772760453,1,1,0,0,1.4063320703136417,1
1.719597503769887,0.7269227067873214,-0.7161885571693318,0.01159281936025158,-0.022677500849626255,1,1,0,0,2.1328769032237767,2
1.7296202272321446,0.7269227067873214,-0.7161885571693318,2.5090521985913177,-0.02165863952449058,1,0,0,0,2.495063547167437,2
0.7766262713625144,0.2751756205984229,-0.7161885571693318,-0.5433981538022078,-0.02270126369682387,1,0,0,0,2.052390982347408,2
-0.274924465219312,0.4282469473235869,0.26509348565491764,-0.2659026672209769,-0.022691413965261937,1,1,0,0,1.4096421595454474,1
-0.2640665148018667,0.28513147924721555,-0.6110511954381623,1.1215747656851704,-0.022535486137495106,1,0,0,0,2.104835426492474,2
0.5811831638484973,0.5315389808047947,2.9285733161778804,0.01159281936025158,-0.022677500849626255,0,1,0,0,1.1149467637988504,1
-0.2657369687122429,0.30753216120699467,-0.7161885571693318,4.451520604659924,-0.0107588113160615,1,1,0,0,2.7767642702347284,0
-0.5555607221625158,0.47678175823644375,-0.7161885571693318,-0.5433981538022078,-0.02270126369682387,1,0,0,0,2.052390982347408,2
-0.5430323178346944,0.4892265815474337,-0.7161885571693318,-0.8208936403834363,-0.022708236772760453,1,0,0,0,2.012148021909223,2
-0.5522198143417635,0.5016714048584219,-0.7161885571693318,-0.5433981538022078,-0.02270126369682387,1,0,0,0,2.052390982347408,2
-0.5338448213276251,0.507893816513916,-0.7161885571693318,-0.8208936403834363,-0.022708236772760453,1,0,0,0,2.012148021909223,2
-0.4261005441083594,0.5514506981023782,-0.6460969826818854,-0.8208936403834363,-0.022708236772760453,1,1,0,1,1.894615908449756,2
-0.42944145192911176,0.6273641202994105,-0.5409596209507159,-0.5433981538022078,-0.02270126369682387,1,1,0,1,1.8000762317102819,2
-0.6666459072025341,0.4058462653638078,-0.4007764719758231,0.2890883059414825,-0.02265784805142817,1,0,0,1,1.773677189266476,2
-0.5371857291483776,0.15446083448183062,0.08986454943630166,-0.2659026672209769,-0.022691413965261937,1,0,0,1,1.4625853531261874,1
1.3387340122041107,-0.9406836168851928,-0.7161885571693318,-0.5433981538022078,-0.02270126369682387,1,0,0,1,2.052390982347408,2
1.5876316448501662,-1.5927923583810109,2.3327949330345863,0.01159281936025158,-0.022677500849626255,0,0,0,1,1.153397554983199,1
-0.9063560433415209,0.5029158871895214,2.472978082009479,0.01159281936025158,-0.022677500849626255,0,0,0,1,1.1435404342864248,1
0.8284103425841771,-2.4564630961636404,0.15995612392374806,-0.2659026672209769,-0.022691413965261937,1,0,0,1,1.4400770457260585,1
1.4130692112158523,-0.9568618871894777,-0.7161885571693318,-0.2659026672209769,-0.022691413965261937,1,0,0,1,2.0926339427855924,2
-1.0124298666504103,0.5302944984736969,-0.7161885571693318,-0.5433981538022078,-0.02270126369682387,1,0,0,0,2.052390982347408,2
0.710643341902654,-2.8522084774530887,-0.6110511954381623,-0.8208936403834363,-0.022708236772760453,1,1,0,0,1.8463468653442754,2
-0.5305039135068728,0.19055082208369925,-0.7161885571693318,-0.5433981538022078,-0.02270126369682387,1,0,0,0,2.052390982347408,2
-1.218730924581873,0.6149192969884205,-0.7161885571693318,-0.5433981538022078,-0.02270126369682387,1,0,0,0,2.052390982347408,2
0.8217285269426724,-3.009013251171548,0.08986454943630166,-0.5433981538022078,-0.02270126369682387,1,0,0,2,1.4344587117199146,1
-0.4219244093324188,0.5999855090152351,-0.3657306847320999,-0.2659026672209769,-0.022691413965261937,1,0,0,2,1.682280356373097,2
-0.2924642312782623,0.2876204439094129,0.08986454943630166,-0.2659026672209769,-0.022691413965261937,1,1,0,2,1.4625853531261874,1
-0.8671003764476798,0.4245135003302901,0.08986454943630166,0.01159281936025158,-0.022677500849626255,1,1,0,2,1.4907119945324603,1
0.521882050030142,-3.219330765127262,-0.7161885571693318,-0.8208936403834363,-0.022708236772760453,1,1,0,2,2.012148021909223,2
0.521882050030142,-3.2491983410736345,-0.7161885571693318,1.6765657388476298,-0.022346731132830054,1,1,0,2,2.3743346658528837,2
-0.9840321501740148,0.6522537669213869,0.08986454943630166,0.8440792791039394,-0.022590875248488167,1,0,0,2,1.5750919187512786,2
1.5918077796261072,0.7642571767202878,-0.5409596209507159,-0.8208936403834363,-0.022708236772760453,1,1,0,2,1.7647806193238058,2
-0.8612537877613632,0.5551841450956733,3.734626422783514,-0.2659026672209769,-0.022691413965261937,0,0,0,2,1.053810410282347,1
-0.8161515321812053,0.28513147924721555,0.08986454943630166,-0.5433981538022078,-0.02270126369682387,1,1,0,2,1.4344587117199146,1
1.0472398048434612,-1.0277973800621154,0.08986454943630166,0.01159281936025158,-0.022677500849626255,1,0,0,2,1.4907119945324603,1
-1.070895753513578,0.3635338661064451,0.08986454943630166,-0.2659026672209769,-0.022691413965261937,1,1,0,2,1.4625853531261874,1
-0.7075720280067513,0.4419362529656747,0.08986454943630166,-0.2659026672209769,-0.022691413965261937,1,0,0,2,1.4625853531261874,1
-0.7008902123652465,0.4456696999589715,-0.5409596209507159,-0.5433981538022078,-0.02270126369682387,1,1,0,2,1.8000762317102819,2
0.8300807964945532,-0.31470900434245064,-0.5760054081944391,-0.8208936403834363,-0.022708236772760453,1,0,0,2,1.8033688011112043,2
-0.7167595245138206,0.3983793713772142,0.08986454943630166,0.01159281936025158,-0.022677500849626255,1,1,0,0,1.4907119945324603,1
-0.5447027717450705,0.1718835871172152,0.08986454943630166,0.01159281936025158,-0.022677500849626255,1,0,0,0,1.4907119945324603,1
1.6753304751449178,0.61616377931952,-0.7161885571693318,-0.8208936403834363,-0.022708236772760453,1,0,0,0,2.012148021909223,2
1.6728247942793535,0.6236306733061137,-0.7161885571693318,0.2890883059414825,-0.02265784805142817,1,1,0,0,2.1731198636619613,2
1.6920350142486795,0.6584761785768828,-0.7161885571693318,-0.8208936403834363,-0.022708236772760453,1,0,0,0,2.012148021909223,2
1.6962111490246206,0.6236306733061137,-0.7161885571693318,3.0640431717537773,-0.020597192129894016,1,0,0,0,2.575549468043806,0
1.0956829682443712,0.0760584476226011,-0.7161885571693318,-0.8208936403834363,-0.022708236772760453,1,0,0,0,2.012148021909223,2
-0.5463732256554468,0.11961532921106156,-0.015272812294867932,0.2890883059414825,-0.02265784805142817,1,1,0,0,1.5581106441600805,2
1.1123875073481335,-0.8871708766479396,-0.7161885571693318,1.1215747656851704,-0.022535486137495106,1,0,0,0,2.293848744976515,2
-0.5112936935375463,0.13330463485315105,-0.7161885571693318,-0.2659026672209769,-0.022691413965261937,1,1,0,0,2.0926339427855924,2
0.009887926499832292,-2.065695644198589,-0.5760054081944391,-0.8208936403834363,-0.022708236772760453,1,1,0,0,1.8033688011112043,2
-1.2103786550299918,0.7493233887471005,0.15995612392374806,-0.2659026672209769,-0.022691413965261937,1,0,0,0,1.4400770457260585,1
1.1366090890485887,-0.8386360657350829,-0.8213259189005014,-0.5433981538022078,-0.02270126369682387,1,0,0,0,2.321110027898435,2
1.139114769914153,-0.8386360657350829,-0.5409596209507159,-0.5433981538022078,-0.02270126369682387,1,0,0,0,1.8000762317102819,2
-0.33673125990323194,0.17312806944831471,0.08986454943630166,-0.2659026672209769,-0.022691413965261937,1,0,0,0,1.4625853531261874,1
1.0806488830509853,-1.2430928233422223,-0.7161885571693318,-0.2659026672209769,-0.022691413965261937,1,0,0,0,2.0926339427855924,2
1.091506833468431,-0.8834374296546428,-0.5409596209507159,-0.8208936403834363,-0.022708236772760453,1,0,0,0,1.7647806193238058,2
1.1173988690792622,-0.8809484649924455,-0.7161885571693318,-0.8208936403834363,-0.022708236772760453,1,1,0,0,2.012148021909223,2
1.1048704647514407,-0.8585477830326664,-0.7161885571693318,-0.8208936403834363,-0.022708236772760453,1,1,0,0,2.012148021909223,2
1.1315977273174598,-0.8510808890460728,-0.7161885571693318,0.01159281936025158,-0.022677500849626255,1,0,0,0,2.1328769032237767,2
1.0956829682443712,-0.8884153589790391,-0.7161885571693318,0.2890883059414825,-0.02265784805142817,1,0,0,0,2.1731198636619613,2
1.1006943299755,-0.8535698537082701,-0.7161885571693318,3.0640431717537773,-0.020597192129894016,1,0,0,0,2.575549468043806,0
1.606841864819493,-1.6761726745646368,0.08986454943630166,-0.8208936403834363,-0.022708236772760453,1,0,0,0,1.4063320703136417,1
0.6647058593673081,0.9285288444253404,-0.5409596209507159,0.8440792791039394,-0.022590875248488167,1,0,0,0,1.9765542936426623,2
0.6947740297540802,1.038043289562044,-0.15545596126976072,-0.8208936403834363,-0.022708236772760453,1,1,0,0,1.5005081425020654,2
-0.953963979787243,-3.6175651110789064,-0.7161885571693318,-0.5433981538022078,-0.02270126369682387,1,0,0,0,2.052390982347408,2
-0.5605720838936445,0.19926219840139062,-0.7161885571693318,-0.2659026672209769,-0.022691413965261937,1,0,0,0,2.0926339427855924,2
-0.4904130196578436,0.1830839280971056,-0.7161885571693318,0.566583792522711,-0.022630087736116487,1,0,0,0,2.2133628241001455,2
-0.5129641474479224,0.1606832461373265,0.6505971453358728,0.2890883059414825,-0.02265784805142817,1,0,0,0,1.3734078019778284,1
-0.45783916840550737,0.17686151644161152,-0.22554753575720712,1.399070252266399,-0.022457246938654134,1,0,0,0,1.780180523294782,2
-0.2757596921745001,0.402112818370511,0.44032242187353365,-0.2659026672209769,-0.022691413965261937,1,0,0,0,1.366026017272088,1
0.5344104543579635,0.49793795786512507,2.613161230984372,-0.2659026672209769,-0.022691413965261937,0,1,0,0,1.1128162798624743,1
-0.47287325359889343,0.3535780074576542,1.5267418264289525,-0.8208936403834363,-0.022708236772760453,0,1,0,0,1.1545388753188437,1
-0.47287325359889343,0.16939462245501788,-0.4007764719758231,0.01159281936025158,-0.022677500849626255,1,0,0,0,1.7408313153911705,2
1.3353931043833582,0.2664642442807315,0.26509348565491764,-0.8208936403834363,-0.022708236772760453,1,1,0,0,1.355425153409084,1
-1.2446229601927041,0.7543013180714968,-0.5409596209507159,0.8440792791039394,-0.022590875248488167,1,0,0,0,1.9765542936426623,2
-0.5480436795658229,0.1706391047861174,-0.4358222592195463,-0.8208936403834363,-0.022708236772760453,1,0,0,0,1.6690410034766703,2
0.7265126540512281,0.632342049623805,0.26509348565491764,-0.2659026672209769,-0.022691413965261937,1,0,0,0,1.4096421595454474,1
1.5266600771214347,-0.2599517817740997,-0.7161885571693318,0.01159281936025158,-0.022677500849626255,1,0,0,1,2.1328769032237767,2
-0.5672538995351494,0.16566117546172107,-0.3306848974883767,-0.5433981538022078,-0.02270126369682387,1,0,0,1,1.626537843409385,2
-0.5246573248205559,0.18183944576600608,-0.3657306847320999,0.566583792522711,-0.022630087736116487,1,0,0,1,1.7793349923176986,2
-0.54052663696913,0.15321635215073287,-0.5409596209507159,1.6765657388476298,-0.022346731132830054,1,0,0,1,2.082441130802091,2
-0.548878906521011,0.17312806944831471,-0.926463280631671,0.01159281936025158,-0.022677500849626255,1,0,0,1,2.9579863207216106,0
-0.5137993744031105,0.1706391047861174,-0.15545596126976072,-0.5433981538022078,-0.02270126369682387,1,1,0,1,1.5305183053521068,2
-0.5279982326413083,0.16939462245501788,-0.47086804646326946,1.1215747656851704,-0.022535486137495106,1,0,0,1,1.9358526498021191,2
-0.5279982326413083,0.14201601117084245,-0.6811427699256086,3.619034144916234,-0.01847932614413363,1,0,0,1,2.5731502186584483,0
1.3220294731003484,0.18681737509040242,0.4753682091172568,0.01159281936025158,-0.022677500849626255,1,0,0,1,1.3843030597903885,1
1.5082850841072963,0.10094809424457926,-0.7161885571693318,-0.2659026672209769,-0.022691413965261937,1,0,0,1,2.0926339427855924,2
1.2852794870720718,0.12957118785985425,-0.7161885571693318,0.2890883059414825,-0.02265784805142817,1,0,0,1,2.1731198636619613,2
1.2376715506263496,0.17686151644161152,-0.7161885571693318,-0.2659026672209769,-0.022691413965261937,1,0,0,1,2.0926339427855924,2
1.3378987852489221,0.2789090675917197,-0.7161885571693318,0.566583792522711,-0.022630087736116487,1,0,0,1,2.2133628241001455,2
1.327040834831477,0.2191739156989742,-0.7161885571693318,-0.2659026672209769,-0.022691413965261937,1,1,0,1,2.0926339427855924,2
-1.055026441365004,0.6074524030018269,0.15995612392374806,0.8440792791039394,-0.022590875248488167,1,0,0,1,1.5508522030896013,2
-0.7175947514690088,0.11090395289337017,0.15995612392374806,0.01159281936025158,-0.022677500849626255,1,0,0,1,1.467770835066944,1
-1.2087082011196155,0.6360754966171018,0.23004769841119443,-0.5433981538022078,-0.02270126369682387,1,1,0,1,1.3920879440879266,1
-1.2680093149379712,0.5987410266841355,-0.3657306847320999,1.6765657388476298,-0.022346731132830054,1,1,0,0,1.9087411735771678,2
1.5116259919280488,-1.0638873676639824,-0.7161885571693318,-0.2659026672209769,-0.022691413965261937,1,0,0,0,2.0926339427855924,2
1.5583987014185823,-1.0701097793194765,-0.7161885571693318,-0.8208936403834363,-0.022708236772760453,1,0,0,0,2.012148021909223,2
1.6302282195647595,-1.052687026684092,-0.7161885571693318,-0.8208936403834363,-0.022708236772760453,1,1,0,0,2.012148021909223,2
1.5517168857770776,-1.1373118251988172,-0.7161885571693318,-0.8208936403834363,-0.022708236772760453,1,0,0,0,2.012148021909223,2
1.5968191413572352,-1.0576649560084883,-0.2956391102446535,-0.8208936403834363,-0.022708236772760453,1,0,0,0,1.5732899022206244,2
1.5508816588218897,-1.0725987439816755,-0.7161885571693318,-0.5433981538022078,-0.02270126369682387,1,0,0,0,2.052390982347408,2
1.514966899748801,-1.1049552845902455,-0.7161885571693318,0.2890883059414825,-0.02265784805142817,1,1,0,0,2.1731198636619613,2
1.5274953040766226,-1.0800656379682674,-0.7161885571693318,-0.8208936403834363,-0.022708236772760453,1,1,0,0,2.012148021909223,2
1.531671438852563,-1.0850435672926637,-0.7161885571693318,-0.2659026672209769,-0.022691413965261937,1,1,0,0,2.0926339427855924,2
1.5082850841072963,-1.0962439082725541,-0.7161885571693318,0.8440792791039394,-0.022590875248488167,1,1,0,0,2.25360578453833,2
1.5233191693006822,-1.1136666609079386,-0.7161885571693318,3.0640431717537773,-0.020597192129894016,1,1,0,0,2.575549468043806,0
-1.2229070593578133,0.6124303323262232,-0.19050174851348392,1.6765657388476298,-0.022346731132830054,1,0,0,0,1.790137145699447,2
-0.9815264693084503,0.5029158871895214,0.8959176560419352,-0.2659026672209769,-0.022691413965261937,1,1,0,0,1.2806484382353711,1
-1.094282108258845,0.220418398030072,0.05481876219257846,-0.2659026672209769,-0.022691413965261937,1,1,0,0,1.4746081586669337,1
-1.0842593847965876,0.3884235127284233,0.15995612392374806,-0.5433981538022078,-0.02270126369682387,1,0,0,2,1.4123832563851726,1
-1.151077541211636,0.7692351060446841,0.15995612392374806,-0.8208936403834363,-0.022708236772760453,1,0,0,2,1.3846894670442869,1
-1.2112138819851799,0.7269227067873214,-0.15545596126976072,5.838998037566071,0.04456646972971734,1,0,0,2,2.220752050903057,2
-0.5781118499525949,0.23410770367215972,0.12491033668002485,1.399070252266399,-0.022457246938654134,1,0,0,2,1.618520816998617,2
0.4700979788084793,0.26770872661183104,0.12491033668002485,-0.8208936403834363,-0.022708236772760453,1,1,0,2,1.3952765663781181,1
-0.9564696606528073,0.5738513800621573,0.9309634432856584,0.2890883059414825,-0.02265784805142817,1,1,0,2,1.3243287337730842,1
-0.9957253275466483,0.8140364699642441,-0.3306848974883767,-0.5433981538022078,-0.02270126369682387,1,0,0,2,1.626537843409385,2
1.5216487153903058,-1.5778585704078236,-0.5059138337069927,-0.5433981538022078,-0.02270126369682387,1,1,0,2,1.7644789069320872,2
1.0180068614118774,-2.569710988293641,0.15995612392374806,-0.5433981538022078,-0.02270126369682387,1,0,0,0,1.4123832563851726,1
-1.0475093987683108,0.6261196379683109,0.6505971453358728,1.399070252266399,-0.022457246938654134,1,1,0,0,1.4751417132354452,1
-0.8103049434948886,0.44815866462116877,0.15995612392374806,-0.8208936403834363,-0.022708236772760453,1,1,0,0,1.3846894670442869,1
-1.2571513645205257,0.5564286274267728,-0.12041017402603753,-0.5433981538022078,-0.02270126369682387,1,1,0,0,1.5145684423041872,2
1.0063136840392437,0.6074524030018269,-0.22554753575720712,-0.8208936403834363,-0.022708236772760453,1,1,0,0,1.5346383821506742,2
0.4124673189004998,0.25277493863864375,-0.7161885571693318,-0.8208936403834363,-0.022708236772760453,1,0,0,0,2.012148021909223,2
0.3314503042472536,-2.45770757849474,-0.7161885571693318,-0.8208936403834363,-0.022708236772760453,1,0,0,0,2.012148021909223,2
1.5049441762865434,-1.7172405914909,-0.7161885571693318,-0.2659026672209769,-0.022691413965261937,1,0,0,0,2.0926339427855924,2
-1.151077541211636,0.7580347650647936,0.33518506014236404,0.01159281936025158,-0.022677500849626255,1,0,0,0,1.417995848020986,1
-0.6449300063676433,0.19179530441479878,0.23004769841119443,-0.5433981538022078,-0.02270126369682387,1,0,0,0,1.3920879440879266,1
-1.2312593289096945,0.3274438785045765,0.15995612392374806,1.399070252266399,-0.022457246938654134,1,0,0,0,1.6062397817713727,2
-1.1986854776573583,0.6572316962457833,-0.3657306847320999,0.8440792791039394,-0.022590875248488167,1,0,0,0,1.811686537632566,2
-0.2456915217877283,0.4655814172565533,1.2113297412354438,-0.5433981538022078,-0.02270126369682387,1,1,0,0,1.2129305187447248,1
0.850961470374256,-0.307242110355857,0.15995612392374806,-0.5433981538022078,-0.02270126369682387,1,0,0,0,1.4123832563851726,1
-0.8829696885962538,0.0735694829604038,-0.5760054081944391,-0.8208936403834363,-0.022708236772760453,1,0,0,0,1.8033688011112043,2
-0.6424243255020791,0.3722452424241365,0.08986454943630166,-0.8208936403834363,-0.022708236772760453,1,0,0,0,1.4063320703136417,1
0.4759445674947961,0.2664642442807315,0.08986454943630166,-0.8208936403834363,-0.022708236772760453,1,0,0,0,1.4063320703136417,1
-0.8495606103887297,0.2664642442807315,-0.5409596209507159,0.566583792522711,-0.022630087736116487,1,1,0,0,1.9412586812561863,2
1.1374443160037766,-1.4944782542241994,-0.5409596209507159,-0.8208936403834363,-0.022708236772760453,1,1,0,0,1.7647806193238058,2
0.6797399445606943,-0.18652732423926477,0.30013927289864084,-0.8208936403834363,-0.022708236772760453,1,0,0,0,1.3464125403219551,1
1.4631828285271382,-0.9282387935742028,-0.7161885571693318,-0.8208936403834363,-0.022708236772760453,1,0,0,0,2.012148021909223,2
-0.9756798806221337,0.8924388568234737,-0.015272812294867932,-0.5433981538022078,-0.02270126369682387,1,0,0,0,1.4715489417067427,1
-1.151077541211636,0.48051520522974056,-0.19050174851348392,-0.5433981538022078,-0.02270126369682387,1,1,0,0,1.5474066852656234,2
0.7098081149474661,0.7966137173288595,-0.2605933230009303,-0.8208936403834363,-0.022708236772760453,1,1,0,1,1.5533373363990297,2
-0.9456117102353617,0.6273641202994105,-0.015272812294867932,-0.8208936403834363,-0.022708236772760453,1,0,0,1,1.4426950408889634,1
-1.2195661515370608,0.7306561537806182,-0.12041017402603753,-0.5433981538022078,-0.02270126369682387,1,0,0,1,1.5145684423041872,2
-0.758520872273226,0.3411331841466642,0.08986454943630166,0.2890883059414825,-0.02265784805142817,1,1,0,1,1.5188386359387334,2
-1.2379411445511992,0.6808768605366619,0.33518506014236404,-0.5433981538022078,-0.02270126369682387,1,1,0,1,1.3644865707371752,1
0.8492910164638797,-0.24128454680761566,0.44032242187353365,-0.5433981538022078,-0.02270126369682387,1,0,0,1,1.3397562861707015,1
1.4281032964092382,-1.0477090973596972,-0.015272812294867932,-0.8208936403834363,-0.022708236772760453,1,0,0,1,1.4426950408889634,1
1.1934045220013798,0.9322622914186373,-0.7161885571693318,0.8440792791039394,-0.022590875248488167,1,0,0,1,2.25360578453833,2
1.4214214807677328,-1.0203304860755218,-0.5760054081944391,-0.5433981538022078,-0.02270126369682387,1,0,0,1,1.8394361771334282,2
1.4239271616332971,-0.9780180868181592,-0.7161885571693318,1.6765657388476298,-0.022346731132830054,1,0,0,1,2.3743346658528837,2
-0.9840321501740148,0.5514506981023782,0.08986454943630166,2.2315567120100868,-0.021970115385260103,1,0,0,1,1.715725125782643,2
-0.33756648685842006,0.19055082208369925,-0.015272812294867932,0.8440792791039394,-0.022590875248488167,1,0,0,1,1.6158184457956388,2
-1.1761343498672794,0.6622096255701796,-0.015272812294867932,0.8440792791039394,-0.022590875248488167,1,0,0,1,1.6158184457956388,2
-0.6624697724265937,0.1258377408665574,-0.015272812294867932,-0.8208936403834363,-0.022708236772760453,1,0,0,1,1.4426950408889634,1
-0.5655834456247733,0.3149990551935883,2.297749145790863,-0.8208936403834363,-0.022708236772760453,0,0,0,0,1.090520275936563,1
-1.0909412004380925,0.7543013180714968,0.860871868798212,1.1215747656851704,-0.022535486137495106,1,0,0,0,1.4098262976152929,1
1.3345578774281697,-0.019766691872012992,0.08986454943630166,-0.5433981538022078,-0.02270126369682387,1,0,0,2,1.4344587117199146,1
-1.0149355475159747,0.47304831124314695,-0.015272812294867932,-0.2659026672209769,-0.022691413965261937,1,1,0,2,1.500402842524522,2
-0.9230605824452829,0.5228276044871033,1.246375528479167,0.566583792522711,-0.022630087736116487,1,0,0,2,1.3034695951030264,1
1.7028929646661253,0.14699394049523878,-0.7161885571693318,-0.2659026672209769,-0.022691413965261937,1,1,0,2,2.0926339427855924,2
-0.7660379148699189,0.41580212401259875,-0.015272812294867932,0.2890883059414825,-0.02265784805142817,1,1,0,2,1.5581106441600805,2
-1.1953445698366056,0.6970551308409468,-0.3657306847320999,-0.8208936403834363,-0.022708236772760453,1,1,0,2,1.6175772657433625,2
-1.2763615844898522,-0.08945770241355115,-0.7161885571693318,-0.5433981538022078,-0.02270126369682387,1,0,0,2,2.052390982347408,2
-0.766873141825107,0.26397527961853423,-0.7161885571693318,1.1215747656851704,-0.022535486137495106,1,0,0,2,2.293848744976515,2
-0.5513845873865755,0.23908563299655605,-0.3657306847320999,1.6765657388476298,-0.022346731132830054,1,1,0,2,1.9087411735771678,2
-1.000736689277777,0.6273641202994105,0.08986454943630166,1.1215747656851704,-0.022535486137495106,1,1,0,2,1.6032185601575517,2
-0.9756798806221337,0.6261196379683109,-0.015272812294867932,0.01159281936025158,-0.022677500849626255,1,0,0,2,1.5292567433423012,2
-1.009924185784846,0.6572316962457833,-0.015272812294867932,-0.5433981538022078,-0.02270126369682387,1,0,0,2,1.4715489417067427,1
-1.0850946117517757,0.6310975672927073,-0.3657306847320999,1.399070252266399,-0.022457246938654134,1,0,0,0,1.8763896282623005,2
-1.0675548456928254,0.5638955214133664,-0.05031859953859113,0.8440792791039394,-0.022590875248488167,1,0,0,0,1.6307573868317897,2
0.6054047455489527,0.24779700931424745,0.08986454943630166,-0.8208936403834363,-0.022708236772760453,1,0,0,0,1.4063320703136417,1
0.6045695185937645,-3.1807518128631957,-0.3657306847320999,0.01159281936025158,-0.022677500849626255,1,0,0,0,1.714631901687964,2
0.6254501924734671,0.5987410266841355,2.297749145790863,-0.8208936403834363,-0.022708236772760453,0,0,0,0,1.090520275936563,1
0.3798934676481636,0.3884235127284233,0.08986454943630166,-0.8208936403834363,-0.022708236772760453,1,0,0,0,1.4063320703136417,1
-0.5689243534455256,0.1669056577928206,-0.4358222592195463,-0.8208936403834363,-0.022708236772760453,1,0,0,0,1.6690410034766703,2
0.8659955555676419,0.2589973502941379,0.08986454943630166,-0.8208936403834363,-0.022708236772760453,1,0,0,0,1.4063320703136417,1
-1.0132650936055985,0.6223861909750141,-0.015272812294867932,0.566583792522711,-0.022630087736116487,1,0,0,0,1.5869645449778598,2
-0.8503958373439177,-3.657388545674071,-0.7161885571693318,-0.8208936403834363,-0.022708236772760453,1,0,0,0,2.012148021909223,2
-0.45282780667437883,0.6584761785768828,-0.5409596209507159,-0.8208936403834363,-0.022708236772760453,1,0,0,0,1.7647806193238058,2
-0.49960051616491274,0.6385644612792991,-0.5409596209507159,-0.8208936403834363,-0.022708236772760453,1,0,0,0,1.7647806193238058,2
-1.009088958829658,0.5315389808047947,0.40527663462981045,0.566583792522711,-0.022630087736116487,1,0,0,0,1.45341553465045,1
1.5492112049115132,-1.735907826457384,0.08986454943630166,-0.8208936403834363,-0.022708236772760453,1,0,0,0,1.4063320703136417,1
1.5266600771214347,-1.505678595204088,-0.5409596209507159,0.8440792791039394,-0.022590875248488167,1,1,0,0,1.9765542936426623,2
-0.4478164449432502,0.6410534259414982,-0.015272812294867932,-0.8208936403834363,-0.022708236772760453,1,0,0,0,1.4426950408889634,1
-0.9898787388603315,0.6086968853329264,0.08986454943630166,-0.2659026672209769,-0.022691413965261937,1,0,0,0,1.4625853531261874,1
-1.151077541211636,0.6958106485098491,-0.5409596209507159,1.399070252266399,-0.022457246938654134,1,1,0,0,2.0471455184156144,2
1.6828475177416105,-1.9288025877777117,-0.7161885571693318,0.2890883059414825,-0.02265784805142817,1,0,0,0,2.1731198636619613,2
-0.7033958932308109,0.17810599877271105,-0.5409596209507159,-0.5433981538022078,-0.02270126369682387,1,0,0,0,1.8000762317102819,2
1.2902908488031999,0.6460313552658928,-0.5409596209507159,0.01159281936025158,-0.022677500849626255,1,0,0,0,1.870667456483234,2
1.3111715226829026,0.7281671891184192,-0.7161885571693318,-0.8208936403834363,-0.022708236772760453,1,1,0,0,2.012148021909223,2
-1.0759071152447064,0.3237104315112797,-0.5409596209507159,-0.8208936403834363,-0.022708236772760453,1,0,0,0,1.7647806193238058,2
-0.8829696885962538,0.2739311382673251,-0.7161885571693318,1.399070252266399,-0.022457246938654134,1,1,0,1,2.334091705414699,2
-0.6424243255020791,0.4245135003302901,-0.5409596209507159,-0.5433981538022078,-0.02270126369682387,1,0,0,1,1.8000762317102819,2
-0.8671003764476798,0.265219761949632,-0.5059138337069927,1.1215747656851704,-0.022535486137495106,1,0,0,1,1.9720646606888035,2
-1.242952506282328,0.552695180433476,-0.5409596209507159,-0.5433981538022078,-0.02270126369682387,1,0,0,1,1.8000762317102819,2
0.3322855312024418,0.17686151644161152,-0.7161885571693318,-0.8208936403834363,-0.022708236772760453,1,0,0,1,2.012148021909223,2
-0.9247310363556591,0.44815866462116877,0.08986454943630166,1.6765657388476298,-0.022346731132830054,1,0,0,1,1.6594718429700974,2
0.49014342573299374,0.4991824401962246,-0.015272812294867932,0.8440792791039394,-0.022590875248488167,1,1,0,1,1.6158184457956388,2
1.0180068614118774,-1.1746462951317838,-0.7161885571693318,-0.5433981538022078,-0.02270126369682387,1,0,0,1,2.052390982347408,2
-1.0074185049192819,0.6833658251988591,1.246375528479167,-0.2659026672209769,-0.022691413965261937,1,1,0,1,1.2323712535519522,1
1.195074975911756,-0.00358842156772798,0.08986454943630166,-0.2659026672209769,-0.022691413965261937,1,1,0,1,1.4625853531261874,1
-1.212049108940368,0.39091247739062057,-0.8563717061442246,0.8440792791039394,-0.022590875248488167,1,1,0,1,2.6930307429927316,0
1.4706998711238313,-0.11185838437333204,-0.5409596209507159,0.2890883059414825,-0.02265784805142817,1,0,0,1,1.9059630688697105,2
0.4984956952848749,-2.4763748134612245,-0.7161885571693318,0.566583792522711,-0.022630087736116487,1,1,0,1,2.2133628241001455,2
-1.218730924581873,0.7443454594227059,-0.7161885571693318,0.01159281936025158,-0.022677500849626255,1,0,0,1,2.1328769032237767,2
-1.2496343219238326,0.6236306733061137,0.15995612392374806,-0.8208936403834363,-0.022708236772760453,1,0,0,1,1.3846894670442869,1
0.48596729095705343,0.5651400037444659,2.297749145790863,-0.5433981538022078,-0.02270126369682387,0,1,0,0,1.1123306814552942,1
0.8025183069733459,0.2515304563075442,-0.7161885571693318,-0.5433981538022078,-0.02270126369682387,1,0,0,0,2.052390982347408,2
-1.2170604706714965,0.6622096255701796,0.08986454943630166,-0.2659026672209769,-0.022691413965261937,1,0,0,0,1.4625853531261874,1
1.0096545918599964,-2.7700726436005625,-0.7161885571693318,-0.2659026672209769,-0.022691413965261937,1,0,0,0,2.0926339427855924,2
1.453160105064881,-2.0495173738943038,-0.5409596209507159,0.8440792791039394,-0.022590875248488167,1,1,0,0,1.9765542936426623,2
-1.1560889029427648,0.47678175823644375,0.26509348565491764,-0.8208936403834363,-0.022708236772760453,1,0,0,0,1.355425153409084,1
-1.0391571292164299,0.6821213428677614,1.0361008050168279,-0.8208936403834363,-0.022708236772760453,1,0,0,0,1.2114943526234054,1
-0.48373120401633873,0.5539396627645755,-0.3657306847320999,-0.8208936403834363,-0.022708236772760453,1,0,0,0,1.6175772657433625,2
-0.22397562095283755,0.3946459243839174,0.08986454943630166,-0.2659026672209769,-0.022691413965261937,1,1,0,0,1.4625853531261874,1
-0.5338448213276251,0.5215831221560038,-0.5409596209507159,-0.5433981538022078,-0.02270126369682387,1,0,0,0,1.8000762317102819,2
-0.5338448213276251,0.5103827811761132,-0.3657306847320999,-0.8208936403834363,-0.022708236772760453,1,0,0,0,1.6175772657433625,2
-0.5689243534455256,0.5066493341828182,-0.5409596209507159,-0.8208936403834363,-0.022708236772760453,1,0,0,0,1.7647806193238058,2
-0.5513845873865755,0.4879820992163342,-0.5409596209507159,0.01159281936025158,-0.022677500849626255,1,0,0,0,1.870667456483234,2
-0.5447027717450705,0.49793795786512507,0.4753682091172568,-0.5433981538022078,-0.02270126369682387,1,0,0,0,1.3320652084775435,1
-0.5680891264903375,0.5390058747913883,-0.12041017402603753,-0.5433981538022078,-0.02270126369682387,1,1,0,0,1.5145684423041872,2
-0.5480436795658229,0.5091382988450155,-0.47086804646326946,-0.8208936403834363,-0.022708236772760453,1,1,0,0,1.698116359475543,2
-0.5430323178346944,0.5153607105005096,-0.5409596209507159,-0.5433981538022078,-0.02270126369682387,1,1,0,0,1.8000762317102819,2
-0.5447027717450705,0.517849675162707,-0.5409596209507159,-0.8208936403834363,-0.022708236772760453,1,1,0,0,1.7647806193238058,2
-0.46619143795738854,0.5166051928316091,-0.4358222592195463,-0.5433981538022078,-0.02270126369682387,1,0,0,0,1.7024218235462036,2
-0.5121289204927344,0.5315389808047947,-0.5409596209507159,-0.2659026672209769,-0.022691413965261937,1,0,0,0,1.8353718440967581,2
-0.5447027717450705,0.48424865222303737,-0.5409596209507159,-0.2659026672209769,-0.022691413965261937,1,0,0,0,1.8353718440967581,2
-0.6674811341577224,0.5091382988450155,-0.5409596209507159,-0.2659026672209769,-0.022691413965261937,1,0,0,0,1.8353718440967581,2
-1.095952562169221,0.7144778834763315,-0.7161885571693318,0.2890883059414825,-0.02265784805142817,1,0,0,0,2.1731198636619613,2
0.539421816089092,-2.4477517198459493,-0.7161885571693318,-0.2659026672209769,-0.022691413965261937,1,1,0,0,2.0926339427855924,2
1.491580545003534,-0.007321868561024793,-0.7161885571693318,-0.5433981538022078,-0.02270126369682387,1,0,0,0,2.052390982347408,2
-0.9923844197258958,0.6646985902323769,-0.015272812294867932,0.01159281936025158,-0.022677500849626255,1,1,0,2,1.5292567433423012,2
1.4990975876002266,-0.09692459640014478,-0.5409596209507159,-0.2659026672209769,-0.022691413965261937,1,0,0,2,1.8353718440967581,2
1.5241543962558703,-0.07701287910256295,2.0524286350848007,-0.8208936403834363,-0.022708236772760453,0,0,0,2,1.1084362066201547,1
0.8225637538978603,0.15197186981963334,-0.7161885571693318,0.8440792791039394,-0.022590875248488167,1,1,0,2,2.25360578453833,2
1.404716941663971,-1.099977355265851,0.08986454943630166,-0.2659026672209769,-0.022691413965261937,1,0,0,2,1.4625853531261874,1
0.8492910164638797,-0.2587072994430002,-0.015272812294867932,0.2890883059414825,-0.02265784805142817,1,0,0,2,1.5581106441600805,2
-1.197015023746982,0.6796323782055623,-0.3657306847320999,-0.8208936403834363,-0.022708236772760453,1,0,0,2,1.6175772657433625,2
-1.1961797967917938,0.6696765195567714,-0.3657306847320999,-0.5433981538022078,-0.02270126369682387,1,0,0,2,1.6499288110582295,2
-0.454498260584755,0.265219761949632,0.08986454943630166,1.1215747656851704,-0.022535486137495106,1,1,0,2,1.6032185601575517,2
0.5477740856409732,-2.477619295792322,-0.7161885571693318,-0.8208936403834363,-0.022708236772760453,1,0,0,2,2.012148021909223,2
1.0873306986924904,-1.2393593763489255,-0.5760054081944391,-0.5433981538022078,-0.02270126369682387,1,1,0,2,1.8394361771334282,2
-0.3467539833654892,0.39091247739062057,-0.7161885571693318,1.6765657388476298,-0.022346731132830054,1,0,0,2,2.3743346658528837,2
-0.4127369128253497,0.6236306733061137,-0.3657306847320999,0.8440792791039394,-0.022590875248488167,1,0,0,2,1.811686537632566,2
-1.0149355475159747,0.6460313552658928,0.08986454943630166,0.566583792522711,-0.022630087736116487,1,0,0,2,1.546965277345006,2
-0.7384754253487114,0.11090395289337017,-0.5409596209507159,0.2890883059414825,-0.02265784805142817,1,0,0,2,1.9059630688697105,2
0.5694899864758641,0.7655016590513872,-0.5760054081944391,-0.2659026672209769,-0.022691413965261937,1,0,0,2,1.8755035531556525,2
1.491580545003534,-2.0482728915632045,-0.7161885571693318,-0.8208936403834363,-0.022708236772760453,1,0,0,2,2.012148021909223,2
-1.1477366333908838,0.7381230477672118,-0.7161885571693318,0.01159281936025158,-0.022677500849626255,1,0,0,2,2.1328769032237767,2
-1.1368786829734383,0.6659430725634746,0.6155513580921496,-0.5433981538022078,-0.02270126369682387,1,0,0,2,1.3036733150401905,1
-1.1719582150913388,0.37971213641073015,-0.015272812294867932,-0.8208936403834363,-0.022708236772760453,1,0,0,2,1.4426950408889634,1
-0.2765949191296882,0.2975763025582038,-0.015272812294867932,-0.5433981538022078,-0.02270126369682387,1,0,0,0,1.4715489417067427,1
1.0355466274708276,-1.0589094383395878,-0.6110511954381623,-0.2659026672209769,-0.022691413965261937,1,0,0,0,1.9202007399580465,2
1.0205125422774417,-1.065131849995082,0.5805055708484265,-0.8208936403834363,-0.022708236772760453,1,0,0,0,1.2847458559243767,1
-1.2145547898059323,0.6808768605366619,-0.015272812294867932,-0.5433981538022078,-0.02270126369682387,1,0,0,0,1.4715489417067427,1
1.4397964737818716,-2.0694290911918856,-0.5059138337069927,0.566583792522711,-0.022630087736116487,1,0,0,0,1.9028694094365648,2
-1.0842593847965876,0.49047106387853145,0.019772974948855264,-0.8208936403834363,-0.022708236772760453,1,0,0,0,1.4299983375133718,1
1.1374443160037766,-1.1422897545232118,0.08986454943630166,-0.8208936403834363,-0.022708236772760453,1,0,0,0,1.4063320703136417,1
1.55505779359783,-2.1714766423419958,-0.7161885571693318,-0.5433981538022078,-0.02270126369682387,1,0,0,0,2.052390982347408,2
1.478216913720524,-2.125430796091336,-0.7161885571693318,0.2890883059414825,-0.02265784805142817,1,1,0,0,2.1731198636619613,2
-0.5154698283134869,0.23659666833435877,0.08986454943630166,-0.8208936403834363,-0.022708236772760453,1,0,0,0,1.4063320703136417,1
1.4113987573054758,-2.065695644198589,-0.7161885571693318,0.2890883059414825,-0.02265784805142817,1,0,0,0,2.1731198636619613,2
-0.9673276110702527,0.6398089436103986,1.246375528479167,1.6765657388476298,-0.022346731132830054,1,0,0,0,1.398267383837792,1
-0.5121289204927344,0.2789090675917197,-0.6460969826818854,0.8440792791039394,-0.022590875248488167,1,0,0,0,2.1219698174637265,2
1.4982623606450387,-2.0719180558540846,-0.7161885571693318,-0.8208936403834363,-0.022708236772760453,1,0,0,0,2.012148021909223,2
1.5082850841072963,-2.1316532077468304,-0.7161885571693318,-0.8208936403834363,-0.022708236772760453,1,0,0,0,2.012148021909223,2
1.5467055240459489,-2.126675278422436,-0.7161885571693318,-0.5433981538022078,-0.02270126369682387,1,0,0,0,2.052390982347408,2
1.468194190258267,-2.0856073614961725,-0.7161885571693318,0.8440792791039394,-0.022590875248488167,1,0,0,0,2.25360578453833,2
1.4598419207063857,-2.0482728915632045,-0.7161885571693318,-0.8208936403834363,-0.022708236772760453,1,1,0,0,2.012148021909223,2
1.4723703250342073,-2.0980521848071607,-0.9965548551191175,1.399070252266399,-0.022457246938654134,1,0,0,0,4.183815618577994,3
1.4732055519893958,-2.0482728915632045,-0.7161885571693318,1.9540612254288583,-0.022190623407829305,1,0,0,0,2.414577626291068,2
1.4255976155436736,-2.0607177148741944,-0.7161885571693318,-0.8208936403834363,-0.022708236772760453,1,0,0,0,2.012148021909223,2
1.4523248781096931,-2.0856073614961725,-0.7161885571693318,0.8440792791039394,-0.022590875248488167,1,0,0,0,2.25360578453833,2
-0.783577680928869,0.2789090675917197,-0.3657306847320999,0.8440792791039394,-0.022590875248488167,1,0,0,0,1.811686537632566,2
-0.9831969232188267,0.677143413543365,1.8071081243787381,0.01159281936025158,-0.022677500849626255,0,0,0,0,1.1961677136783428,1
-0.9731741997565695,0.517849675162707,1.2113297412354438,-0.2659026672209769,-0.022691413965261937,1,0,0,0,1.2367134700926607,1
-1.0049128240537175,0.5414948394535856,-0.7161885571693318,0.2890883059414825,-0.02265784805142817,1,1,0,0,2.1731198636619613,2
-0.9973957814570245,0.5701179330688605,0.30013927289864084,-0.2659026672209769,-0.022691413965261937,1,1,0,0,1.4002690419348334,1
-1.055026441365004,0.6659430725634746,0.8959176560419352,-0.5433981538022078,-0.02270126369682387,1,0,0,0,1.2560205836539216,1
0.6271206463838433,0.536516910129191,1.947291273353631,1.1215747656851704,-0.022535486137495106,0,0,0,0,1.2730782239942526,1
-0.7493333757661567,0.4108241946882024,-0.015272812294867932,-0.2659026672209769,-0.022691413965261937,1,0,0,0,1.500402842524522,2
-0.7551799644524735,0.17437255177941424,0.15995612392374806,-0.8208936403834363,-0.022708236772760453,1,0,0,0,1.3846894670442869,1
-0.751003829676533,0.19179530441479878,-0.015272812294867932,0.566583792522711,-0.022630087736116487,1,0,0,0,1.5869645449778598,2
-0.9506230719664904,0.6086968853329264,1.596833400916399,0.566583792522711,-0.022630087736116487,0,1,0,0,1.2624208361840716,1
-0.9598105684735597,0.5763403447243546,0.6505971453358728,-0.8208936403834363,-0.022708236772760453,1,0,0,0,1.2716738907202114,1
-0.799446993077443,0.2789090675917197,1.3515128902103366,-0.8208936403834363,-0.022708236772760453,1,0,0,0,1.1729710286080528,1
-1.0316400866197368,0.6149192969884205,1.596833400916399,-0.8208936403834363,-0.022708236772760453,0,1,0,0,1.1476553056218832,1
-0.45783916840550737,0.2664642442807315,0.019772974948855264,-0.5433981538022078,-0.02270126369682387,1,0,0,0,1.458598304263639,1
-0.9639867032495002,0.5302944984736969,0.7557345070670424,0.2890883059414825,-0.02265784805142817,1,0,0,0,1.3537281515705832,1
1.6335691273855124,-1.3725189857765077,-0.7161885571693318,0.8440792791039394,-0.022590875248488167,1,1,0,0,2.25360578453833,2
1.2000863376428845,-0.25746281711190067,-0.7161885571693318,-0.5433981538022078,-0.02270126369682387,1,0,0,0,2.052390982347408,2
-0.3409073946791725,0.23535218600325924,-0.4007764719758231,-0.5433981538022078,-0.02270126369682387,1,1,0,0,1.6751395676405603,2
-0.799446993077443,0.49420451087182826,-0.4007764719758231,0.8440792791039394,-0.022590875248488167,1,0,0,0,1.8393689370170858,2
-0.8929924120585111,0.2950873378960065,-0.7161885571693318,0.566583792522711,-0.022630087736116487,1,1,0,0,2.2133628241001455,2
-1.0149355475159747,0.5900296503664424,0.08986454943630166,-0.5433981538022078,-0.02270126369682387,1,1,0,0,1.4344587117199146,1
-0.9882082849499554,0.5066493341828182,0.7907802943107656,1.1215747656851704,-0.022535486137495106,1,0,0,0,1.4223923333865076,1
-1.212049108940368,0.38966799505952104,0.019772974948855264,1.1215747656851704,-0.022535486137495106,1,1,0,0,1.6301981047652438,2
-0.7334640636175827,0.22290736269227104,-0.015272812294867932,-0.2659026672209769,-0.022691413965261937,1,0,0,0,1.500402842524522,2
-0.7576856453180377,0.1606832461373265,-0.015272812294867932,0.01159281936025158,-0.022677500849626255,1,0,0,0,1.5292567433423012,2
-0.7802367731081166,0.3237104315112797,0.019772974948855264,-0.2659026672209769,-0.022691413965261937,1,0,0,0,1.4871982710139067,1
-0.7543447374972854,0.1606832461373265,0.40527663462981045,0.8440792791039394,-0.022590875248488167,1,0,0,0,1.4798412716440945,1
-0.7860833617944334,0.19552875140809559,0.05481876219257846,0.01159281936025158,-0.022677500849626255,1,0,0,0,1.5029660078720668,2
-0.7418163331694637,0.16192772846842426,-0.3657306847320999,0.2890883059414825,-0.02265784805142817,1,1,0,0,1.7469834470028316,2
-0.7334640636175827,0.3162435375246878,-0.5059138337069927,5.561502550984841,0.02491367153163512,1,1,0,0,2.525626670706713,0
-1.017441228381539,0.5738513800621573,1.0361008050168279,0.01159281936025158,-0.022677500849626255,1,1,0,0,1.2841840137808098,1
-1.0508503065890633,0.38966799505952104,-0.5409596209507159,-0.8208936403834363,-0.022708236772760453,1,0,0,0,1.7647806193238058,2
0.47510934053960785,0.23535218600325924,0.12491033668002485,-0.8208936403834363,-0.022708236772760453,1,0,0,0,1.3952765663781181,1
-1.0658843917824492,0.6933216838476518,-0.12041017402603753,0.01159281936025158,-0.022677500849626255,1,0,0,0,1.5739632831788615,2
0.7799671791832671,0.3846900657351265,-0.015272812294867932,-0.8208936403834363,-0.022708236772760453,1,0,0,0,1.4426950408889634,1
1.0622738900368471,-2.5634885766381452,-0.7161885571693318,-0.8208936403834363,-0.022708236772760453,1,0,0,0,2.012148021909223,2
-0.5739357151766543,0.30006526722040106,0.685642932579596,0.566583792522711,-0.022630087736116487,1,1,0,0,1.3919667810252427,1
-1.1243502786456168,0.373489724755236,0.26509348565491764,0.01159281936025158,-0.022677500849626255,1,1,0,0,1.436750662613629,1
-1.2003559315677343,0.5638955214133664,0.12491033668002485,-0.8208936403834363,-0.022708236772760453,1,0,0,0,1.3952765663781181,1
-0.2757596921745001,0.40086833603941147,0.30013927289864084,-0.2659026672209769,-0.022691413965261937,1,1,0,0,1.4002690419348334,1
-0.9673276110702527,0.5290500161425974,0.08986454943630166,-0.5433981538022078,-0.02270126369682387,1,1,0,1,1.4344587117199146,1
-0.5614073108488327,0.31375457286248876,-0.5409596209507159,-0.8208936403834363,-0.022708236772760453,1,1,0,1,1.7647806193238058,2
-0.9489526180561143,0.536516910129191,1.38655867745406,0.566583792522711,-0.022630087736116487,0,0,0,1,1.2860484889256214,1
-1.2354354636856348,0.5016714048584219,0.26509348565491764,-0.2659026672209769,-0.022691413965261937,1,1,0,1,1.4096421595454474,1
-0.7936004043911263,0.44442521762787374,0.05481876219257846,-0.2659026672209769,-0.022691413965261937,1,1,0,1,1.4746081586669337,1
-1.1744638959569031,0.5601620744200696,-0.3657306847320999,-0.8208936403834363,-0.022708236772760453,1,0,0,1,1.6175772657433625,2
0.9745750597420958,0.5414948394535856,0.6505971453358728,1.1215747656851704,-0.022535486137495106,1,1,0,1,1.4497082354210409,1
-1.0040775970985294,0.49047106387853145,0.05481876219257846,-0.8208936403834363,-0.022708236772760453,1,0,0,1,1.417892460256667,1
-1.0266287248886081,0.5464727687779819,0.019772974948855264,0.566583792522711,-0.022630087736116487,1,0,0,1,1.5729981712647088,2
-0.9915491927707077,0.40086833603941147,-0.3657306847320999,0.8440792791039394,-0.022590875248488167,1,0,0,1,1.811686537632566,2
-1.1769695768224675,0.6597206609079805,-0.7862801316567782,-0.8208936403834363,-0.022708236772760453,1,0,0,1,2.1714724095162588,2
-1.2346002367304467,0.5551841450956733,0.08986454943630166,-0.8208936403834363,-0.022708236772760453,1,0,0,1,1.4063320703136417,1
-1.0057480510089056,0.597496544353036,0.9660092305293816,1.1215747656851704,-0.022535486137495106,1,1,0,1,1.392164219053042,1
-0.9873730579947672,0.37971213641073015,0.6155513580921496,1.6765657388476298,-0.022346731132830054,1,0,0,1,1.5081710899484557,2
-0.900509454655204,0.37100076009303873,-0.015272812294867932,-0.5433981538022078,-0.02270126369682387,1,0,0,1,1.4715489417067427,1
-0.9990662353674007,0.5290500161425974,-0.5760054081944391,-0.8208936403834363,-0.022708236772760453,1,1,0,1,1.8033688011112043,2
-0.9932196466810839,0.6398089436103986,-0.015272812294867932,-0.2659026672209769,-0.022691413965261937,1,0,0,1,1.500402842524522,2
-0.9923844197258958,0.49793795786512507,-0.7161885571693318,-0.8208936403834363,-0.022708236772760453,1,0,0,1,2.012148021909223,2
-1.000736689277777,0.5750958623932568,-0.2605933230009303,0.01159281936025158,-0.022677500849626255,1,0,0,1,1.6465375765829713,2
-0.6566231837402768,0.1631722107995238,-0.3657306847320999,0.2890883059414825,-0.02265784805142817,1,0,0,1,1.7469834470028316,2
-1.1293616403767455,0.6646985902323769,0.08986454943630166,-0.2659026672209769,-0.022691413965261937,1,0,0,1,1.4625853531261874,1
-0.6975493045444942,0.4245135003302901,0.19500191116747126,-0.8208936403834363,-0.022708236772760453,1,0,0,1,1.374537888712468,1
-1.086765065662152,0.3411331841466642,-0.7161885571693318,0.01159281936025158,-0.022677500849626255,1,0,0,1,2.1328769032237767,2
-0.7852481348392454,0.4518921116144656,-0.22554753575720712,-0.8208936403834363,-0.022708236772760453,1,0,0,1,1.5346383821506742,2
-1.1385491368838145,0.2789090675917197,-0.015272812294867932,-0.8208936403834363,-0.022708236772760453,1,0,0,1,1.4426950408889634,1
-1.14940708730126,0.43944728830347735,-0.7862801316567782,-0.8208936403834363,-0.022708236772760453,1,0,0,1,2.1714724095162588,2
-1.1945093428814177,0.5663844860755637,0.08986454943630166,-0.8208936403834363,-0.022708236772760453,1,0,0,1,1.4063320703136417,1
-1.2087082011196155,0.7742130353690787,-0.5059138337069927,-0.5433981538022078,-0.02270126369682387,1,0,0,1,1.7644789069320872,2
-0.5847936655940997,0.3884235127284233,1.1061923795042743,-0.8208936403834363,-0.022708236772760453,1,1,0,1,1.2022458674074696,1
-1.1811457115984079,0.7543013180714968,-0.7161885571693318,0.8440792791039394,-0.022590875248488167,1,0,0,1,2.25360578453833,2
-1.204532066343675,0.6198972263128169,-0.22554753575720712,0.566583792522711,-0.022630087736116487,1,0,0,1,1.6881022203657416,2
-1.2604922723412781,0.7431009770916064,-0.12041017402603753,-0.8208936403834363,-0.022708236772760453,1,0,0,1,1.4848710218668504,1
-0.9848673771292028,0.507893816513916,0.05481876219257846,-0.8208936403834363,-0.022708236772760453,1,1,0,1,1.417892460256667,1
-0.6098504742497428,0.4058462653638078,0.5454597836047033,0.01159281936025158,-0.022677500849626255,1,0,0,1,1.3690841640788425,1
-1.242952506282328,0.35108904279545694,0.6505971453358728,-0.8208936403834363,-0.022708236772760453,1,1,0,1,1.2716738907202114,1
-1.202861612433299,0.6335865319549046,-0.19050174851348392,0.8440792791039394,-0.022590875248488167,1,1,0,0,1.699113223036763,2
-1.202861612433299,0.6310975672927073,0.5805055708484265,1.399070252266399,-0.022457246938654134,1,1,0,0,1.490305192872277,1
-1.2379411445511992,0.5016714048584219,-0.22554753575720712,-0.8208936403834363,-0.022708236772760453,1,0,0,0,1.5346383821506742,2
-0.9831969232188267,0.36104490144424783,-0.4007764719758231,-0.5433981538022078,-0.02270126369682387,1,0,0,0,1.6751395676405603,2
-1.2178956976266848,0.7431009770916064,0.40527663462981045,-0.2659026672209769,-0.022691413965261937,1,1,0,0,1.3741383236695164,1
-1.220401378492249,0.7480789064160027,-0.015272812294867932,-0.5433981538022078,-0.02270126369682387,1,1,0,0,1.4715489417067427,1
-1.242952506282328,0.7592792473958914,-0.015272812294867932,-0.5433981538022078,-0.02270126369682387,1,1,0,0,1.4715489417067427,1
0.6822456254262583,0.552695180433476,1.2814213157228902,-0.2659026672209769,-0.022691413965261937,1,0,0,0,1.2281221538367075,1
-0.9848673771292028,0.4991824401962246,0.30013927289864084,0.8440792791039394,-0.022590875248488167,1,0,0,0,1.5079820451605896,2
-0.4169130476012903,0.2664642442807315,-0.015272812294867932,0.01159281936025158,-0.022677500849626255,1,0,0,0,1.5292567433423012,2
0.7640978670346928,0.6037189560085301,1.3515128902103366,-0.8208936403834363,-0.022708236772760453,1,0,0,0,1.1729710286080528,1
-0.3425778485895487,0.2440635623209506,0.4753682091172568,0.566583792522711,-0.022630087736116487,1,0,0,0,1.4365409111032332,1
-1.1301968673319334,0.689588236854355,0.7557345070670424,-0.5433981538022078,-0.02270126369682387,1,0,0,0,1.278521032038884,1
-0.9773503345325099,0.5514506981023782,-0.5760054081944391,0.566583792522711,-0.022630087736116487,1,1,0,0,1.9837056812223248,2
0.006547018679079936,-2.0544953032187,-0.9965548551191175,-0.8208936403834363,-0.022708236772760453,1,1,0,0,3.6067376022224087,3
-0.006816612603929786,-2.0719180558540846,-0.8914174933879478,-0.2659026672209769,-0.022691413965261937,1,0,0,0,2.672271380322704,0
-0.9698332919358169,0.5626510390822669,1.1061923795042743,0.2890883059414825,-0.02265784805142817,1,1,0,0,1.2984255368000672,1
-0.44948689885362636,0.3660228307686424,0.7557345070670424,-0.2659026672209769,-0.022691413965261937,1,0,0,0,1.3035900718827838,1
-0.6298959211742574,0.15072738748853381,-0.22554753575720712,0.01159281936025158,-0.022677500849626255,1,1,0,0,1.6267166850797146,2
-0.9923844197258958,0.6646985902323769,1.0010550177731048,0.01159281936025158,-0.022677500849626255,1,1,0,0,1.2892635909338024,1
-0.806964035674136,0.48051520522974056,0.37023084738608725,0.01159281936025158,-0.022677500849626255,1,0,0,0,1.4091247040767156,1
-1.1702877611809626,0.40086833603941147,0.12491033668002485,-0.8208936403834363,-0.022708236772760453,1,1,0,0,1.3952765663781181,1
-1.182816165508784,0.6447868729347951,-0.5409596209507159,3.3415386583350055,-0.019719333880400307,1,0,0,2,2.2942148051209474,2
-1.1677820803153982,0.4655814172565533,-0.3657306847320999,-0.8208936403834363,-0.022708236772760453,1,1,0,2,1.6175772657433625,2
-0.7426515601246518,0.402112818370511,-0.3657306847320999,-0.5433981538022078,-0.02270126369682387,1,0,0,2,1.6499288110582295,2
-0.7618617800939783,0.49793795786512507,-0.22554753575720712,-0.8208936403834363,-0.022708236772760453,1,0,0,2,1.5346383821506742,2
-1.1627707185842697,0.6920772015165523,-0.015272812294867932,0.01159281936025158,-0.022677500849626255,1,0,0,2,1.5292567433423012,2
-0.5413618639243181,0.16815014012391835,-0.015272812294867932,0.566583792522711,-0.022630087736116487,1,1,0,2,1.5869645449778598,2
-1.1844866194191603,0.4668258995876528,1.7019707626475686,-0.8208936403834363,-0.022708236772760453,0,0,0,2,1.1377990332835466,1
-0.586464119504476,0.40335730070160875,0.6155513580921496,-0.8208936403834363,-0.022708236772760453,1,1,0,2,1.2781110931766573,1
-1.2529752297445853,0.677143413543365,-0.5409596209507159,-0.8208936403834363,-0.022708236772760453,1,0,0,2,1.7647806193238058,2
-1.0032423701433413,0.47927072289864103,0.37023084738608725,-0.8208936403834363,-0.022708236772760453,1,0,0,2,1.32936292837426,1
-0.978185561487698,0.5427393217846851,0.08986454943630166,1.1215747656851704,-0.022535486137495106,1,1,0,2,1.6032185601575517,2
-1.033310540530113,0.6410534259414982,0.40527663462981045,1.399070252266399,-0.022457246938654134,1,0,0,2,1.5326927456313837,2
-0.6833504463062963,0.4705593465809496,-0.7862801316567782,0.8440792791039394,-0.022590875248488167,1,0,0,2,2.4320490986582097,2
0.5878649794900024,0.5390058747913883,2.2276575713034164,-0.2659026672209769,-0.022691413965261937,0,0,0,2,1.1392645306333973,1
0.616262695966398,0.2540194209697433,-0.6811427699256086,0.566583792522711,-0.022630087736116487,1,0,0,2,2.14429184888204,2
-1.299747939235119,0.2191739156989742,-0.2956391102446535,0.566583792522711,-0.022630087736116487,1,0,0,2,1.7306188924426866,2
-1.2813729462209809,0.2241518450233688,-0.015272812294867932,-0.8208936403834363,-0.022708236772760453,1,0,0,2,1.4426950408889634,1
-0.9940548736362721,0.5726068977310578,0.08986454943630166,-0.5433981538022078,-0.02270126369682387,1,0,0,2,1.4344587117199146,1
-0.9715037458461931,0.5352724277980915,-0.015272812294867932,0.2890883059414825,-0.02265784805142817,1,0,0,2,1.5581106441600805,2
-0.7426515601246518,0.4991824401962246,-0.015272812294867932,-0.8208936403834363,-0.022708236772760453,1,0,0,2,1.4426950408889634,1
-1.032475313574925,0.6012299913463328,0.5104139963609801,0.566583792522711,-0.022630087736116487,1,0,0,2,1.4285166619474934,1
-0.8612537877613632,0.25277493863864375,-0.015272812294867932,0.01159281936025158,-0.022677500849626255,1,0,0,2,1.5292567433423012,2
-1.2513047758342088,0.6086968853329264,-0.08536438678231432,-0.8208936403834363,-0.022708236772760453,1,0,0,2,1.4700705189760301,1
-0.6958788506341179,0.38717903039732376,-0.7161885571693318,-0.8208936403834363,-0.022708236772760453,1,1,0,2,2.012148021909223,2
-0.7234413401553255,0.2540194209697433,-0.015272812294867932,-0.2659026672209769,-0.022691413965261937,1,0,0,2,1.500402842524522,2
-0.766873141825107,0.4854931345541369,-0.2605933230009303,0.01159281936025158,-0.022677500849626255,1,0,0,2,1.6465375765829713,2
-0.2072710818490753,0.3759786894174333,0.4753682091172568,1.1215747656851704,-0.022535486137495106,1,0,0,2,1.4887787624160782,1
-0.751003829676533,0.4892265815474337,-0.015272812294867932,0.8440792791039394,-0.022590875248488167,1,1,0,2,1.6158184457956388,2
-0.736804971438335,0.4655814172565533,1.0010550177731048,0.01159281936025158,-0.022677500849626255,1,0,0,2,1.2892635909338024,1
-1.284713854041733,0.6298530849616077,-0.7161885571693318,0.01159281936025158,-0.022677500849626255,1,0,0,2,2.1328769032237767,2
-0.7844129078840572,0.48673761688523465,-0.015272812294867932,0.01159281936025158,-0.022677500849626255,1,0,0,2,1.5292567433423012,2
0.7465581009757426,0.6534982492524865,2.0874744223285235,-0.2659026672209769,-0.022691413965261937,0,1,0,2,1.1499874245322559,1
-0.9322480789523521,0.37100076009303873,-0.22554753575720712,0.8440792791039394,-0.022590875248488167,1,0,0,2,1.718794988008755,2
-0.6491061411435839,0.5016714048584219,-0.5409596209507159,-0.8208936403834363,-0.022708236772760453,1,1,0,2,1.7647806193238058,2
-0.6933731697685536,0.4879820992163342,0.4753682091172568,-0.5433981538022078,-0.02270126369682387,1,0,0,2,1.3320652084775435,1
-0.6165322898912478,0.3411331841466642,-0.015272812294867932,-0.8208936403834363,-0.022708236772760453,1,0,0,2,1.4426950408889634,1
-1.148571860346072,0.4693148642498501,-0.3657306847320999,-0.8208936403834363,-0.022708236772760453,1,1,0,2,1.6175772657433625,2
-0.9715037458461931,0.5551841450956733,-0.12041017402603753,0.2890883059414825,-0.02265784805142817,1,0,0,2,1.6036607036161985,2
-0.533009594372437,0.49047106387853145,0.15995612392374806,-0.5433981538022078,-0.02270126369682387,1,0,0,2,1.4123832563851726,1
-0.7877538157048096,0.5041603695206192,-0.4007764719758231,-0.5433981538022078,-0.02270126369682387,1,0,0,2,1.6751395676405603,2
-0.5931459351459808,0.5029158871895214,0.15995612392374806,-0.5433981538022078,-0.02270126369682387,1,0,0,2,1.4123832563851726,1
-0.7618617800939783,0.4431807352967742,-0.7161885571693318,-0.2659026672209769,-0.022691413965261937,1,0,0,2,2.0926339427855924,2
-0.23984493310141153,0.22912977434776513,-0.015272812294867932,-0.8208936403834363,-0.022708236772760453,1,1,0,2,1.4426950408889634,1
-0.7760606383321761,0.4780262405675433,-0.6811427699256086,-0.2659026672209769,-0.022691413965261937,1,1,0,2,2.0273304753066563,2
-0.7376401983935233,0.5103827811761132,-0.2956391102446535,-0.5433981538022078,-0.02270126369682387,1,0,0,2,1.6047557002650366,2
-0.7760606383321761,0.49420451087182826,-0.5409596209507159,-0.8208936403834363,-0.022708236772760453,1,0,0,2,1.7647806193238058,2
-0.7501686027213448,0.5352724277980915,0.685642932579596,0.2890883059414825,-0.02265784805142817,1,1,0,2,1.3666582940975112,1
-0.7768958652873642,0.4780262405675433,0.12491033668002485,0.566583792522711,-0.022630087736116487,1,1,0,2,1.53480422301593,2
-0.7785663191977404,0.47678175823644375,-0.3657306847320999,-0.8208936403834363,-0.022708236772760453,1,0,0,2,1.6175772657433625,2
-0.33255512512729135,0.39091247739062057,-0.3306848974883767,-0.2659026672209769,-0.022691413965261937,1,0,0,2,1.6584307422997653,2
-0.28745286954713367,0.29384285556490697,0.5454597836047033,-0.8208936403834363,-0.022708236772760453,1,0,0,2,1.291588834036644,1
-0.7251117940657017,0.4655814172565533,-0.7161885571693318,-0.8208936403834363,-0.022708236772760453,1,0,0,2,2.012148021909223,2
-0.7000549854100584,0.4780262405675433,-0.5409596209507159,-0.5433981538022078,-0.02270126369682387,1,0,0,2,1.8000762317102819,2
-0.7493333757661567,0.491715546209631,-0.5409596209507159,-0.2659026672209769,-0.022691413965261937,1,0,0,2,1.8353718440967581,2
-0.7660379148699189,0.47927072289864103,-0.3306848974883767,-0.5433981538022078,-0.02270126369682387,1,0,0,2,1.626537843409385,2
-0.7643674609595426,0.4879820992163342,-0.4007764719758231,-0.8208936403834363,-0.022708236772760453,1,0,0,2,1.6422936937652552,2
-0.7518390566317211,0.4954489932029278,-0.5409596209507159,-0.2659026672209769,-0.022691413965261937,1,1,0,2,1.8353718440967581,2
-0.7451572409902163,0.4494031469522683,-0.7161885571693318,-0.8208936403834363,-0.022708236772760453,1,1,0,2,2.012148021909223,2
-0.8503958373439177,0.4046017830327083,-0.5409596209507159,-0.8208936403834363,-0.022708236772760453,1,1,0,2,1.7647806193238058,2
-0.40354941631828056,0.22912977434776513,-0.015272812294867932,-0.5433981538022078,-0.02270126369682387,1,1,0,2,1.4715489417067427,1
-0.7251117940657017,0.4817596875608401,0.19500191116747126,-0.8208936403834363,-0.022708236772760453,1,1,0,2,1.374537888712468,1
-0.7518390566317211,0.48673761688523465,-0.5409596209507159,-0.8208936403834363,-0.022708236772760453,1,1,0,2,1.7647806193238058,2
-0.8019526739430075,0.5278055338114979,-0.6811427699256086,-0.8208936403834363,-0.022708236772760453,1,1,0,2,1.9493562262564004,2
-0.7802367731081166,0.5091382988450155,-0.15545596126976072,0.566583792522711,-0.022630087736116487,1,1,0,2,1.650558956752272,2
-0.7777310922425524,0.552695180433476,-0.6110511954381623,-0.2659026672209769,-0.022691413965261937,1,1,0,2,1.9202007399580465,2
-0.799446993077443,0.48424865222303737,-0.3306848974883767,-0.2659026672209769,-0.022691413965261937,1,1,0,2,1.6584307422997653,2
-0.9798560153980742,0.4780262405675433,-0.4358222592195463,-0.2659026672209769,-0.022691413965261937,1,1,0,2,1.7358026436157372,2
-0.7551799644524735,0.5016714048584219,-0.5409596209507159,-0.5433981538022078,-0.02270126369682387,1,1,0,2,1.8000762317102819,2
-1.1594298107635173,0.41829108867479603,-0.7862801316567782,0.566583792522711,-0.022630087736116487,1,0,0,2,2.3886196504678847,2
-0.34591875641030106,0.3411331841466642,-0.5409596209507159,0.8440792791039394,-0.022590875248488167,1,0,0,2,1.9765542936426623,2
-0.7802367731081166,0.47304831124314695,-0.015272812294867932,-0.5433981538022078,-0.02270126369682387,1,0,0,2,1.4715489417067427,1
-0.7610265531387902,0.4879820992163342,-0.8563717061442246,0.566583792522711,-0.022630087736116487,1,0,0,2,2.6449409082964332,0
-1.02579349793342,0.5290500161425974,-0.926463280631671,-0.2659026672209769,-0.022691413965261937,1,0,0,2,2.9021752580664857,0
-0.7927651774359383,0.44442521762787374,-1.0666464296065639,0.01159281936025158,-0.022677500849626255,1,0,0,2,7.646283716711506,3
-0.8278447095538387,0.2627307972874347,-0.5409596209507159,0.8440792791039394,-0.022590875248488167,1,0,0,2,1.9765542936426623,2
-0.7084072549619395,0.4742927935742465,-0.19050174851348392,-0.8208936403834363,-0.022708236772760453,1,1,0,2,1.5170653777113956,2
-0.8036231278533836,0.47678175823644375,-0.5409596209507159,-0.5433981538022078,-0.02270126369682387,1,1,0,2,1.8000762317102819,2
-0.7927651774359383,0.47678175823644375,-0.19050174851348392,-0.5433981538022078,-0.02270126369682387,1,1,0,2,1.5474066852656234,2
-0.7334640636175827,0.552695180433476,-0.5409596209507159,0.2890883059414825,-0.02265784805142817,1,1,0,2,1.9059630688697105,2
-0.7777310922425524,0.49047106387853145,-1.0666464296065639,0.2890883059414825,-0.02265784805142817,1,1,0,2,7.790553220800403,3
-0.758520872273226,0.4668258995876528,-0.7161885571693318,0.2890883059414825,-0.02265784805142817,1,0,0,2,2.1731198636619613,2
-0.7610265531387902,0.47180382891204914,-0.5409596209507159,0.01159281936025158,-0.022677500849626255,1,0,0,2,1.870667456483234,2
-0.7251117940657017,0.4655814172565533,-0.5409596209507159,-0.8208936403834363,-0.022708236772760453,1,0,0,2,1.7647806193238058,2
-0.7000549854100584,0.49047106387853145,-0.3657306847320999,-0.2659026672209769,-0.022691413965261937,1,0,0,2,1.682280356373097,2
-0.7869185887496216,0.5278055338114979,-0.5409596209507159,0.01159281936025158,-0.022677500849626255,1,0,0,2,1.870667456483234,2
-0.7167595245138206,0.5651400037444659,-0.5409596209507159,0.01159281936025158,-0.022677500849626255,1,0,0,2,1.870667456483234,2
-0.766873141825107,0.4780262405675433,-0.5409596209507159,0.01159281936025158,-0.022677500849626255,1,0,0,2,1.870667456483234,2
-0.758520872273226,0.4419362529656747,-0.6460969826818854,0.8440792791039394,-0.022590875248488167,1,0,0,2,2.1219698174637265,2
-0.7768958652873642,0.552695180433476,-0.4358222592195463,0.8440792791039394,-0.022590875248488167,1,0,0,2,1.8693259238938706,2
-0.7167595245138206,0.4170466063436965,-0.47086804646326946,-0.5433981538022078,-0.02270126369682387,1,0,0,2,1.732078686665054,2
-0.8303503904194031,0.49047106387853145,-0.015272812294867932,-0.2659026672209769,-0.022691413965261937,1,0,0,2,1.500402842524522,2
-0.6399186446365148,0.6024744736774323,-0.5409596209507159,-0.2659026672209769,-0.022691413965261937,1,0,0,2,1.8353718440967581,2
-0.7242765671105136,0.5066493341828182,-0.751234344413055,-0.2659026672209769,-0.022691413965261937,1,0,0,2,2.168568435406081,2
-0.735969744483147,0.5091382988450155,-0.015272812294867932,-0.5433981538022078,-0.02270126369682387,1,0,0,2,1.4715489417067427,1
-0.7752254113769881,0.47304831124314695,-0.5409596209507159,-0.8208936403834363,-0.022708236772760453,1,0,0,2,1.7647806193238058,2
-0.7334640636175827,0.475537275905346,-0.3657306847320999,0.01159281936025158,-0.022677500849626255,1,0,0,2,1.714631901687964,2
-0.7626970070491664,0.5029158871895214,-0.5760054081944391,-0.2659026672209769,-0.022691413965261937,1,0,0,2,1.8755035531556525,2
-0.7952708583015027,0.47927072289864103,-0.5760054081944391,-0.5433981538022078,-0.02270126369682387,1,0,0,2,1.8394361771334282,2
-0.7768958652873642,0.47180382891204914,-0.015272812294867932,-0.8208936403834363,-0.022708236772760453,1,0,0,2,1.4426950408889634,1
-0.7401458792590876,0.5651400037444659,-0.4358222592195463,-0.5433981538022078,-0.02270126369682387,1,0,0,2,1.7024218235462036,2
-0.7635322340043545,0.4506476292833678,-0.5409596209507159,0.01159281936025158,-0.022677500849626255,1,0,0,2,1.870667456483234,2
-0.7760606383321761,0.4892265815474337,-0.22554753575720712,-0.8208936403834363,-0.022708236772760453,1,0,0,2,1.5346383821506742,2
-0.7844129078840572,0.49420451087182826,0.08986454943630166,-0.5433981538022078,-0.02270126369682387,1,1,0,2,1.4344587117199146,1
-0.7384754253487114,0.5265610514804001,-0.015272812294867932,-0.8208936403834363,-0.022708236772760453,1,1,0,2,1.4426950408889634,1
-0.7084072549619395,0.5402503571224878,-0.7161885571693318,0.2890883059414825,-0.02265784805142817,1,1,0,2,2.1731198636619613,2
-0.7000549854100584,0.4854931345541369,-1.0666464296065639,-0.5433981538022078,-0.02270126369682387,1,1,0,2,7.357744708533713,3
-0.6365777368157622,0.40086833603941147,0.08986454943630166,-0.2659026672209769,-0.022691413965261937,1,1,0,2,1.4625853531261874,1
-0.7484981488109687,0.43571384131018054,-0.015272812294867932,-0.2659026672209769,-0.022691413965261937,1,1,0,2,1.500402842524522,2
-0.7626970070491664,0.5103827811761132,-0.015272812294867932,-0.2659026672209769,-0.022691413965261937,1,1,0,2,1.500402842524522,2
-0.7635322340043545,0.5166051928316091,-0.015272812294867932,-0.8208936403834363,-0.022708236772760453,1,1,0,2,1.4426950408889634,1
-0.9648219302046883,0.5004269225273223,-0.015272812294867932,0.2890883059414825,-0.02265784805142817,1,1,0,2,1.5581106441600805,2
-0.7768958652873642,0.5278055338114979,-0.015272812294867932,-0.8208936403834363,-0.022708236772760453,1,1,0,2,1.4426950408889634,1
-0.7576856453180377,0.5066493341828182,-0.015272812294867932,-0.5433981538022078,-0.02270126369682387,1,1,0,2,1.4715489417067427,1
-0.7952708583015027,0.491715546209631,0.15995612392374806,0.01159281936025158,-0.022677500849626255,1,1,0,2,1.467770835066944,1
-0.7468276949005924,0.5228276044871033,-0.015272812294867932,0.566583792522711,-0.022630087736116487,1,1,0,2,1.5869645449778598,2
-0.766873141825107,0.5402503571224878,0.860871868798212,-0.2659026672209769,-0.022691413965261937,1,1,0,2,1.2861573241402673,1
-0.7785663191977404,0.5253165691493006,-0.015272812294867932,0.8440792791039394,-0.022590875248488167,1,1,0,2,1.6158184457956388,2
-0.8103049434948886,0.5402503571224878,0.5805055708484265,-0.8208936403834363,-0.022708236772760453,1,1,0,2,1.2847458559243767,1
-0.7159242975586324,0.4494031469522683,-0.7161885571693318,0.01159281936025158,-0.022677500849626255,1,1,0,2,2.1328769032237767,2
-0.783577680928869,0.5041603695206192,-0.22554753575720712,-0.8208936403834363,-0.022708236772760453,1,0,0,2,1.5346383821506742,2
-0.821162893912334,0.7642571767202878,0.08986454943630166,-0.8208936403834363,-0.022708236772760453,1,0,0,2,1.4063320703136417,1
-0.7192652053793849,0.44815866462116877,-0.4007764719758231,-0.2659026672209769,-0.022691413965261937,1,0,0,2,1.7079854415158657,2
-0.7209356592897611,0.4095797123571046,-0.7161885571693318,0.2890883059414825,-0.02265784805142817,1,0,0,2,2.1731198636619613,2
-0.7476629218557805,0.3983793713772142,-0.3657306847320999,0.01159281936025158,-0.022677500849626255,1,0,0,2,1.714631901687964,2
-0.7819072270184929,0.49420451087182826,1.246375528479167,-0.8208936403834363,-0.022708236772760453,1,0,0,2,1.1849723591845693,1
-0.7418163331694637,0.491715546209631,-0.015272812294867932,-0.8208936403834363,-0.022708236772760453,1,0,0,2,1.4426950408889634,1
-0.7468276949005924,0.4145576416814992,-0.015272812294867932,0.566583792522711,-0.022630087736116487,1,0,0,2,1.5869645449778598,2
-0.7459924679454043,0.42326901799919237,-0.015272812294867932,-0.8208936403834363,-0.022708236772760453,1,0,0,2,1.4426950408889634,1
-0.7961060852566907,0.4382028059723778,-0.015272812294867932,-0.5433981538022078,-0.02270126369682387,1,0,0,2,1.4715489417067427,1
-0.790259496570374,0.5402503571224878,-0.015272812294867932,-0.8208936403834363,-0.022708236772760453,1,0,0,2,1.4426950408889634,1
-0.7059015740963752,0.40086833603941147,-0.5409596209507159,-0.5433981538022078,-0.02270126369682387,1,0,0,2,1.8000762317102819,2
-0.7560151914076616,0.4083352300260051,-0.015272812294867932,-0.8208936403834363,-0.022708236772760453,1,0,0,2,1.4426950408889634,1
-0.7601913261836022,0.36477834843754464,-0.015272812294867932,0.01159281936025158,-0.022677500849626255,1,0,0,2,1.5292567433423012,2
-0.7175947514690088,0.43198039431688373,-0.5409596209507159,-0.2659026672209769,-0.022691413965261937,1,0,0,2,1.8353718440967581,2
-0.7234413401553255,0.4145576416814992,-0.6110511954381623,-0.2659026672209769,-0.022691413965261937,1,0,0,2,1.9202007399580465,2
-0.7000549854100584,0.5016714048584219,-0.015272812294867932,-0.8208936403834363,-0.022708236772760453,1,0,0,2,1.4426950408889634,1
-0.8186572130467695,0.4083352300260051,-0.015272812294867932,0.566583792522711,-0.022630087736116487,1,0,0,2,1.5869645449778598,2
-0.6616345454714055,0.5402503571224878,-0.6110511954381623,-0.5433981538022078,-0.02270126369682387,1,0,0,2,1.8832738026511606,2
-0.696714077589306,0.4506476292833678,1.772062337135015,-0.8208936403834363,-0.022708236772760453,0,0,0,2,1.1315185234737828,1
-0.7075720280067513,0.4270024649924892,-0.3657306847320999,0.2890883059414825,-0.02265784805142817,1,0,0,2,1.7469834470028316,2
-0.7301231557968303,0.4518921116144656,-0.015272812294867932,-0.2659026672209769,-0.022691413965261937,1,0,0,2,1.500402842524522,2
-0.7059015740963752,0.536516910129191,-0.5760054081944391,0.01159281936025158,-0.022677500849626255,1,0,0,2,1.9115709291778764,2
-0.74348678707984,0.4954489932029278,-0.6460969826818854,-0.5433981538022078,-0.02270126369682387,1,0,0,2,1.932508226618751,2
-0.8011174469878193,0.49047106387853145,-0.7161885571693318,0.566583792522711,-0.022630087736116487,1,0,0,2,2.2133628241001455,2
-0.7869185887496216,0.5016714048584219,-0.6811427699256086,-0.2659026672209769,-0.022691413965261937,1,0,0,2,2.0273304753066563,2
-0.7610265531387902,0.4817596875608401,0.26509348565491764,0.8440792791039394,-0.022590875248488167,1,0,0,2,1.518076171818174,2
-0.7167595245138206,0.4145576416814992,-0.015272812294867932,-0.8208936403834363,-0.022708236772760453,1,0,0,2,1.4426950408889634,1
-0.3125096782027769,0.23659666833435877,0.05481876219257846,-0.5433981538022078,-0.02270126369682387,1,0,0,2,1.4462503094618002,1
-0.7626970070491664,0.4083352300260051,-0.015272812294867932,-0.8208936403834363,-0.022708236772760453,1,0,0,2,1.4426950408889634,1
-0.7576856453180377,0.49420451087182826,0.08986454943630166,-0.8208936403834363,-0.022708236772760453,1,0,0,2,1.4063320703136417,1
-0.7334640636175827,0.507893816513916,-0.015272812294867932,-0.5433981538022078,-0.02270126369682387,1,0,0,2,1.4715489417067427,1
-0.7635322340043545,0.5153607105005096,-0.015272812294867932,0.01159281936025158,-0.022677500849626255,1,0,0,2,1.5292567433423012,2
-0.7518390566317211,0.49669347553402554,-0.2605933230009303,-0.5433981538022078,-0.02270126369682387,1,1,0,2,1.58440408312701,2
-0.7944356313463146,0.47927072289864103,-0.015272812294867932,-0.5433981538022078,-0.02270126369682387,1,1,0,2,1.4715489417067427,1
-1.2262479671785658,0.4655814172565533,-0.05031859953859113,0.8440792791039394,-0.022590875248488167,1,1,0,2,1.6307573868317897,2
-0.758520872273226,0.4668258995876528,-0.7161885571693318,0.8440792791039394,-0.022590875248488167,1,1,0,2,2.25360578453833,2
-0.9180492207141544,0.3473555958021601,0.08986454943630166,-0.8208936403834363,-0.022708236772760453,1,0,0,2,1.4063320703136417,1
-0.9639867032495002,0.39091247739062057,0.08986454943630166,-0.5433981538022078,-0.02270126369682387,1,0,0,2,1.4344587117199146,1
-0.9723389728013813,0.5402503571224878,-0.4358222592195463,-0.8208936403834363,-0.022708236772760453,1,0,0,2,1.6690410034766703,2
-0.8052935817637599,0.25650838563194056,-0.12041017402603753,2.2315567120100868,-0.021970115385260103,1,0,0,2,1.8115426466775573,2
-1.0466741718131227,0.7294116714495187,0.019772974948855264,-0.2659026672209769,-0.022691413965261937,1,0,0,2,1.4871982710139067,1
-0.29747559300939086,0.3598004191131483,-0.7161885571693318,-0.5433981538022078,-0.02270126369682387,1,1,0,2,2.052390982347408,2
-1.055026441365004,0.344866631139961,-0.8563717061442246,-0.8208936403834363,-0.022708236772760453,1,0,0,2,2.4044917348149393,2
-0.2164585783561446,0.26770872661183104,0.08986454943630166,0.2890883059414825,-0.02265784805142817,1,1,0,2,1.5188386359387334,2
-0.9756798806221337,0.5614065567511691,0.08986454943630166,-0.8208936403834363,-0.022708236772760453,1,0,0,2,1.4063320703136417,1
-1.1385491368838145,0.5278055338114979,-0.19050174851348392,-0.8208936403834363,-0.022708236772760453,1,0,0,2,1.5170653777113956,2
-0.9264014902660352,0.39713488904611466,0.08986454943630166,-0.5433981538022078,-0.02270126369682387,1,1,0,2,1.4344587117199146,1
-0.3475892103206774,0.2789090675917197,0.26509348565491764,-0.8208936403834363,-0.022708236772760453,1,0,0,2,1.355425153409084,1
-0.20393017402832295,0.220418398030072,-0.7161885571693318,-0.5433981538022078,-0.02270126369682387,1,0,0,2,2.052390982347408,2
-1.1318673212423096,0.27144217360512785,0.33518506014236404,-0.5433981538022078,-0.02270126369682387,1,1,0,2,1.3644865707371752,1
-0.735969744483147,0.38717903039732376,-0.5409596209507159,-0.8208936403834363,-0.022708236772760453,1,1,0,2,1.7647806193238058,2
0.4742741135844199,0.491715546209631,-0.5409596209507159,-0.5433981538022078,-0.02270126369682387,1,0,0,2,1.8000762317102819,2
-0.1939074505660656,0.3523335251265547,-0.3657306847320999,-0.8208936403834363,-0.022708236772760453,1,0,0,2,1.6175772657433625,2
-0.2306574365943424,0.2179294333678747,-0.5409596209507159,-0.8208936403834363,-0.022708236772760453,1,0,0,2,1.7647806193238058,2
-0.23399834441509476,0.27144217360512785,-0.3657306847320999,-0.8208936403834363,-0.022708236772760453,1,0,0,2,1.6175772657433625,2
-0.7033958932308109,0.4282469473235869,0.08986454943630166,-0.8208936403834363,-0.022708236772760453,1,1,0,2,1.4063320703136417,1
-1.0633787109168849,0.7207002951318273,0.08986454943630166,-0.8208936403834363,-0.022708236772760453,1,1,0,2,1.4063320703136417,1
-0.1822142731934322,0.2502859739764465,-0.15545596126976072,-0.2659026672209769,-0.022691413965261937,1,0,0,2,1.560528468202148,2
-1.2229070593578133,0.4693148642498501,0.685642932579596,-0.5433981538022078,-0.02270126369682387,1,1,0,2,1.290732833314316,1
-0.4595096223158837,0.23784115066545652,0.30013927289864084,-0.8208936403834363,-0.022708236772760453,1,1,0,2,1.3464125403219551,1
-0.9923844197258958,0.6086968853329264,-0.19050174851348392,-0.8208936403834363,-0.022708236772760453,1,1,0,2,1.5170653777113956,2
-0.6825152193511083,0.34362214880886327,-1.0666464296065639,-0.2659026672209769,-0.022691413965261937,1,1,0,2,7.50201421262261,3
-0.2164585783561446,0.220418398030072,-0.5409596209507159,-0.8208936403834363,-0.022708236772760453,1,1,0,2,1.7647806193238058,2
-0.22314039399764946,0.23286322134106194,-0.7161885571693318,-0.8208936403834363,-0.022708236772760453,1,0,0,2,2.012148021909223,2
-0.9447764832801738,0.507893816513916,-0.015272812294867932,-0.8208936403834363,-0.022708236772760453,1,0,0,2,1.4426950408889634,1
-0.41607782064610205,0.25277493863864375,-0.7161885571693318,-0.5433981538022078,-0.02270126369682387,1,0,0,2,2.052390982347408,2
-0.9439412563249856,0.5427393217846851,-0.015272812294867932,0.01159281936025158,-0.022677500849626255,1,0,0,2,1.5292567433423012,2
-0.4327823597498643,0.2440635623209506,0.08986454943630166,-0.8208936403834363,-0.022708236772760453,1,1,0,2,1.4063320703136417,1
-0.766873141825107,0.4655814172565533,-0.015272812294867932,-0.8208936403834363,-0.022708236772760453,1,0,0,2,1.4426950408889634,1
-1.1769695768224675,0.6833658251988591,-0.7161885571693318,-0.8208936403834363,-0.022708236772760453,1,0,0,2,2.012148021909223,2
-1.017441228381539,0.6174082616506178,-0.3306848974883767,1.9540612254288583,-0.022190623407829305,1,1,0,2,1.913573933422806,2
-1.164441172494646,0.5315389808047947,-0.015272812294867932,0.2890883059414825,-0.02265784805142817,1,1,0,2,1.5581106441600805,2
-0.8094697165397005,0.2502859739764465,0.4753682091172568,-0.8208936403834363,-0.022708236772760453,1,0,0,2,1.3059462828211212,1
-1.1611002646738935,0.28513147924721555,-0.015272812294867932,-0.8208936403834363,-0.022708236772760453,1,0,0,2,1.4426950408889634,1
-0.4854016579267149,0.2726866559362256,-0.6110511954381623,-0.8208936403834363,-0.022708236772760453,1,0,0,2,1.8463468653442754,2
-1.017441228381539,0.5190941574938065,-0.7161885571693318,-0.8208936403834363,-0.022708236772760453,1,0,0,2,2.012148021909223,2
-0.5371857291483776,0.1830839280971056,-0.7161885571693318,-0.2659026672209769,-0.022691413965261937,1,0,0,2,2.0926339427855924,2
-0.9506230719664904,0.41953557100589556,-0.7161885571693318,-0.8208936403834363,-0.022708236772760453,1,1,0,2,2.012148021909223,2
-0.7217708862449491,0.41580212401259875,0.33518506014236404,0.566583792522711,-0.022630087736116487,1,0,0,2,1.4715051253047968,1
-0.8662651494924917,0.3411331841466642,1.2113297412354438,-0.5433981538022078,-0.02270126369682387,1,0,0,2,1.2129305187447248,1
-0.7819072270184929,0.3162435375246878,-0.12041017402603753,-0.2659026672209769,-0.022691413965261937,1,1,0,2,1.5442658627415244,2
-0.46619143795738854,0.14574945816413926,-0.7161885571693318,0.2890883059414825,-0.02265784805142817,1,0,0,2,2.1731198636619613,2
-0.2565494722051736,0.3411331841466642,-0.5409596209507159,-0.8208936403834363,-0.022708236772760453,1,0,0,2,1.7647806193238058,2
-0.5129641474479224,0.4058462653638078,2.508023869253202,-0.5433981538022078,-0.02270126369682387,0,0,0,2,1.0980987842653076,1
-0.8420435677920367,0.13206015252205153,-0.47086804646326946,-0.2659026672209769,-0.022691413965261937,1,0,0,2,1.7660410138545648,2
-0.9573048876079954,0.5688734507377627,-0.015272812294867932,1.6765657388476298,-0.022346731132830054,1,0,0,2,1.7023801482489769,2
-0.8462197025679771,0.15819428147512746,-0.7161885571693318,0.01159281936025158,-0.022677500849626255,1,1,0,2,2.1328769032237767,2
-0.8787935538203133,0.14574945816413926,1.7370165498912917,-0.8208936403834363,-0.022708236772760453,0,1,0,2,1.134630939582562,1
-0.9765151075773219,0.41331315935040147,-0.015272812294867932,0.566583792522711,-0.022630087736116487,1,1,0,2,1.5869645449778598,2
-0.9848673771292028,0.5016714048584219,0.30013927289864084,1.1215747656851704,-0.022535486137495106,1,0,0,2,1.5349102959670289,2
-0.9255662633108473,0.5663844860755637,-0.015272812294867932,0.01159281936025158,-0.022677500849626255,1,0,0,2,1.5292567433423012,2
-0.8762878729547491,0.3473555958021601,0.33518506014236404,-0.8208936403834363,-0.022708236772760453,1,0,0,2,1.3377319320952699,1
-0.3242028555754103,0.2764201029295224,0.26509348565491764,-0.2659026672209769,-0.022691413965261937,1,0,0,2,1.4096421595454474,1
-1.0951173352140329,0.3274438785045765,-0.3306848974883767,0.2890883059414825,-0.02265784805142817,1,0,0,2,1.7222165400805256,2
-0.5555607221625158,0.14823842282633654,-0.015272812294867932,1.1215747656851704,-0.022535486137495106,1,1,0,2,1.6446723466134183,2
-0.9606457954287477,0.507893816513916,-0.7161885571693318,-0.2659026672209769,-0.022691413965261937,1,1,0,2,2.0926339427855924,2
-0.9506230719664904,0.5638955214133664,-0.47086804646326946,0.2890883059414825,-0.02265784805142817,1,1,0,2,1.8339656682335868,2
-1.009088958829658,0.39962385370831194,-0.7862801316567782,-0.2659026672209769,-0.022691413965261937,1,0,0,2,2.2583313058969092,2
-0.813645851315641,0.30006526722040106,-0.5409596209507159,-0.5433981538022078,-0.02270126369682387,1,0,0,2,1.8000762317102819,2
-1.1427252716597551,0.6037189560085301,-0.015272812294867932,-0.8208936403834363,-0.022708236772760453,1,0,0,2,1.4426950408889634,1
-0.6641402263369698,0.373489724755236,0.12491033668002485,-0.5433981538022078,-0.02270126369682387,1,0,0,2,1.4231820977056804,1
-1.1452309525253193,0.5999855090152351,-0.7161885571693318,-0.8208936403834363,-0.022708236772760453,1,0,0,2,2.012148021909223,2
-0.5271630056861203,0.2191739156989742,-0.015272812294867932,0.8440792791039394,-0.022590875248488167,1,0,0,2,1.6158184457956388,2
-0.5647482186695851,0.3162435375246878,-0.015272812294867932,1.399070252266399,-0.022457246938654134,1,0,0,2,1.6735262474311976,2
-0.7376401983935233,0.552695180433476,-0.015272812294867932,-0.8208936403834363,-0.022708236772760453,1,0,0,2,1.4426950408889634,1
-0.7451572409902163,0.25277493863864375,-0.7161885571693318,-0.8208936403834363,-0.022708236772760453,1,0,0,2,2.012148021909223,2
-0.9556344336976191,0.32495491384237923,-0.7161885571693318,-0.2659026672209769,-0.022691413965261937,1,0,0,2,2.0926339427855924,2
-0.516305055268675,0.24157459765875333,-0.7161885571693318,-0.8208936403834363,-0.022708236772760453,1,0,0,2,2.012148021909223,2
-0.9063560433415209,0.2988207848893033,-0.3657306847320999,1.9540612254288583,-0.022190623407829305,1,1,0,2,1.941092718892035,2
-0.9648219302046883,0.5265610514804001,0.08986454943630166,-0.2659026672209769,-0.022691413965261937,1,0,0,2,1.4625853531261874,1
-1.1210093708248643,0.6472758375969924,-0.5059138337069927,0.2890883059414825,-0.02265784805142817,1,0,0,2,1.8682717838104455,2
-0.3008165008301434,0.28513147924721555,-0.5409596209507159,-0.8208936403834363,-0.022708236772760453,1,0,0,2,1.7647806193238058,2
-0.9648219302046883,0.18557289275930292,-0.5409596209507159,-0.2659026672209769,-0.022691413965261937,1,0,0,2,1.8353718440967581,2
-1.1544184490323885,0.7754575177001782,-0.015272812294867932,-0.8208936403834363,-0.022708236772760453,1,1,0,2,1.4426950408889634,1
-0.5605720838936445,0.15694979914402968,-0.015272812294867932,-0.8208936403834363,-0.022708236772760453,1,1,0,2,1.4426950408889634,1
-0.8629242416717393,0.3112656082002915,-0.5409596209507159,0.566583792522711,-0.022630087736116487,1,1,0,2,1.9412586812561863,2
-0.8052935817637599,0.3013097495515006,-0.015272812294867932,-0.2659026672209769,-0.022691413965261937,1,1,0,2,1.500402842524522,2
-0.7969413122118788,0.475537275905346,-0.19050174851348392,1.6765657388476298,-0.022346731132830054,1,1,0,2,1.790137145699447,2
-0.6724924958888508,0.30379871421369786,-0.015272812294867932,-0.8208936403834363,-0.022708236772760453,1,1,0,2,1.4426950408889634,1
-0.9322480789523521,0.49793795786512507,-0.12041017402603753,-0.2659026672209769,-0.022691413965261937,1,1,0,2,1.5442658627415244,2
-0.74348678707984,0.34611111347106055,0.08986454943630166,0.2890883059414825,-0.02265784805142817,1,0,0,2,1.5188386359387334,2
-0.5380209561035657,0.14201601117084245,-0.4007764719758231,-0.5433981538022078,-0.02270126369682387,1,0,0,2,1.6751395676405603,2
-0.9698332919358169,0.19055082208369925,-0.05031859953859113,3.619034144916234,-0.01847932614413363,1,0,0,2,1.921964063051752,2
-0.9264014902660352,0.3822011010729292,0.4753682091172568,0.566583792522711,-0.022630087736116487,1,0,0,2,1.4365409111032332,1
-1.1560889029427648,0.6597206609079805,0.26509348565491764,-0.2659026672209769,-0.022691413965261937,1,0,0,2,1.4096421595454474,1
-0.649941368098772,0.5651400037444659,0.08986454943630166,0.01159281936025158,-0.022677500849626255,1,1,0,2,1.4907119945324603,1
-0.8587481068957987,0.2789090675917197,-0.5409596209507159,-0.5433981538022078,-0.02270126369682387,1,1,0,2,1.8000762317102819,2
-1.000736689277777,0.6373199789482014,0.08986454943630166,0.8440792791039394,-0.022590875248488167,1,1,0,2,1.5750919187512786,2
-1.062543483961697,0.4108241946882024,0.08986454943630166,-0.8208936403834363,-0.022708236772760453,1,0,0,2,1.4063320703136417,1
-0.9815264693084503,0.6646985902323769,0.08986454943630166,0.01159281936025158,-0.022677500849626255,1,0,0,2,1.4907119945324603,1
-1.172793442046527,0.6273641202994105,0.08986454943630166,0.2890883059414825,-0.02265784805142817,1,0,0,2,1.5188386359387334,2
-0.9088617242070851,0.30379871421369786,-0.7161885571693318,2.2315567120100868,-0.021970115385260103,1,0,0,2,2.454820586729252,2
-0.9506230719664904,0.5215831221560038,0.08986454943630166,-0.8208936403834363,-0.022708236772760453,1,0,0,2,1.4063320703136417,1
-0.8103049434948886,0.4780262405675433,-0.7161885571693318,0.01159281936025158,-0.022677500849626255,1,0,0,2,2.1328769032237767,2
-0.9506230719664904,0.3635338661064451,-0.6110511954381623,-0.5433981538022078,-0.02270126369682387,1,0,0,2,1.8832738026511606,2
-0.49542438138897227,0.1669056577928206,0.33518506014236404,-0.8208936403834363,-0.022708236772760453,1,0,0,2,1.3377319320952699,1
-0.8194924400019578,0.2552639033008411,-0.5409596209507159,1.9540612254288583,-0.022190623407829305,1,0,0,2,2.117736743188567,2
-0.9840321501740148,0.5327834631358942,0.08986454943630166,-0.5433981538022078,-0.02270126369682387,1,1,0,2,1.4344587117199146,1
-1.2287536480441301,0.5166051928316091,0.08986454943630166,-0.8208936403834363,-0.022708236772760453,1,1,0,2,1.4063320703136417,1
-0.22230516704246137,0.14201601117084245,-0.5409596209507159,-0.2659026672209769,-0.022691413965261937,1,1,0,2,1.8353718440967581,2
-0.4060550971838448,0.19926219840139062,-0.8914174933879478,1.9540612254288583,-0.022190623407829305,1,1,0,2,3.0833900542185044,0
-0.8645946955821155,0.28886492624051235,-0.2956391102446535,0.2890883059414825,-0.02265784805142817,1,1,0,2,1.6991530943982742,2
-0.6273902403086932,0.40709074769490555,-0.015272812294867932,-0.8208936403834363,-0.022708236772760453,1,0,0,2,1.4426950408889634,1
-0.9255662633108473,0.48300416989193784,-0.5409596209507159,-0.8208936403834363,-0.022708236772760453,1,0,0,2,1.7647806193238058,2
-1.0508503065890633,0.5029158871895214,0.26509348565491764,-0.2659026672209769,-0.022691413965261937,1,0,0,2,1.4096421595454474,1
-0.7877538157048096,0.3162435375246878,0.05481876219257846,-0.8208936403834363,-0.022708236772760453,1,1,0,2,1.417892460256667,1
-0.7468276949005924,0.3884235127284233,0.08986454943630166,-0.5433981538022078,-0.02270126369682387,1,1,0,2,1.4344587117199146,1
-0.9798560153980742,0.5601620744200696,0.6505971453358728,0.8440792791039394,-0.022590875248488167,1,1,0,2,1.4242747576066366,1
-0.9439412563249856,0.4406917706345769,0.08986454943630166,-0.5433981538022078,-0.02270126369682387,1,1,0,2,1.4344587117199146,1
-0.5847936655940997,0.42575798266138964,0.08986454943630166,-0.8208936403834363,-0.022708236772760453,1,1,0,2,1.4063320703136417,1
-0.9873730579947672,0.5352724277980915,0.30013927289864084,0.01159281936025158,-0.022677500849626255,1,1,0,2,1.4271972927412724,1
-0.6307311481294455,0.4046017830327083,0.08986454943630166,-0.8208936403834363,-0.022708236772760453,1,0,0,2,1.4063320703136417,1
-0.2791005999952526,0.3498445604643574,-0.3306848974883767,-0.8208936403834363,-0.022708236772760453,1,0,0,2,1.594644944519005,2
-1.1844866194191603,0.6659430725634746,-0.2605933230009303,-0.2659026672209769,-0.022691413965261937,1,0,0,2,1.615470829854991,2
-0.7501686027213448,0.4095797123571046,0.7557345070670424,-0.5433981538022078,-0.02270126369682387,1,0,0,2,1.278521032038884,1
-1.0658843917824492,0.4058462653638078,-0.926463280631671,-0.5433981538022078,-0.02270126369682387,1,0,0,2,2.8463641954113608,0
-0.8203276669571458,0.0760584476226011,-0.7161885571693318,-0.5433981538022078,-0.02270126369682387,1,0,0,2,2.052390982347408,2
-0.6683163611129104,0.5651400037444659,-0.7862801316567782,-0.8208936403834363,-0.022708236772760453,1,0,0,2,2.1714724095162588,2
-0.7484981488109687,0.4095797123571046,1.3164671029666135,-0.8208936403834363,-0.022708236772760453,1,0,0,2,1.1768872777619341,1
-0.329214217306539,0.2764201029295224,0.26509348565491764,0.566583792522711,-0.022630087736116487,1,0,0,2,1.4909676687499924,1
-0.3617880685588752,0.22539632735446832,-0.7161885571693318,-0.8208936403834363,-0.022708236772760453,1,0,0,2,2.012148021909223,2
-0.6616345454714055,0.35108904279545694,-0.15545596126976072,0.566583792522711,-0.022630087736116487,1,0,0,2,1.650558956752272,2
-0.7192652053793849,0.37473420708633554,0.08986454943630166,0.8440792791039394,-0.022590875248488167,1,0,0,2,1.5750919187512786,2
-0.7033958932308109,0.3411331841466642,-0.751234344413055,1.9540612254288583,-0.022190623407829305,1,0,0,2,2.502194348545478,0
-0.27826537304006455,0.15321635215073287,-0.7161885571693318,0.8440792791039394,-0.022590875248488167,1,0,0,2,2.25360578453833,2
-0.6616345454714055,0.39340144205281785,-0.9615090678753943,2.2315567120100868,-0.021970115385260103,1,0,0,2,3.790143100813632,3
-0.7418163331694637,0.3050431965447974,0.05481876219257846,0.8440792791039394,-0.022590875248488167,1,0,0,2,1.588039555487467,2
-0.5129641474479224,0.2789090675917197,-0.12041017402603753,-0.8208936403834363,-0.022708236772760453,1,1,0,2,1.4848710218668504,1
-0.2757596921745001,0.21668495103677518,0.08986454943630166,-0.5433981538022078,-0.02270126369682387,1,1,0,2,1.4344587117199146,1
-0.6633049993817818,0.41580212401259875,-0.22554753575720712,0.566583792522711,-0.022630087736116487,1,1,0,2,1.6881022203657416,2
-0.6098504742497428,0.3535780074576542,-0.015272812294867932,-0.8208936403834363,-0.022708236772760453,1,1,0,2,1.4426950408889634,1
-0.3242028555754103,0.0922367179268861,-0.7161885571693318,0.01159281936025158,-0.022677500849626255,1,1,0,2,2.1328769032237767,2
-0.6207084246671883,0.3921569597217201,0.08986454943630166,0.2890883059414825,-0.02265784805142817,1,1,0,2,1.5188386359387334,2
-0.7760606383321761,0.25277493863864375,0.08986454943630166,-0.8208936403834363,-0.022708236772760453,1,1,0,2,1.4063320703136417,1
-0.533009594372437,0.3822011010729292,-0.7161885571693318,0.2890883059414825,-0.02265784805142817,1,1,0,2,2.1731198636619613,2
-1.1544184490323885,0.446914182290071,-0.5409596209507159,-0.5433981538022078,-0.02270126369682387,1,0,0,2,1.8000762317102819,2
-1.0583673491857564,0.6049634383396296,-0.8563717061442246,-0.5433981538022078,-0.02270126369682387,1,0,0,2,2.4525815695112376,2
-0.5672538995351494,0.37846765407963234,-0.8213259189005014,-0.8208936403834363,-0.022708236772760453,1,0,0,2,2.275598066567093,2
-0.8946628659688873,0.3411331841466642,-0.5409596209507159,0.01159281936025158,-0.022677500849626255,1,0,0,2,1.870667456483234,2
-1.08760029261734,0.4506476292833678,0.019772974948855264,-0.8208936403834363,-0.022708236772760453,1,0,0,2,1.4299983375133718,1
-0.9506230719664904,0.6149192969884205,0.08986454943630166,0.566583792522711,-0.022630087736116487,1,0,0,2,1.546965277345006,2
-0.5313391404620609,0.14077152883974292,-0.3657306847320999,-0.8208936403834363,-0.022708236772760453,1,0,0,2,1.6175772657433625,2
-0.5037766509408533,0.27144217360512785,-0.015272812294867932,-0.8208936403834363,-0.022708236772760453,1,0,0,2,1.4426950408889634,1
-0.6599640915610292,0.4282469473235869,0.08986454943630166,0.566583792522711,-0.022630087736116487,1,0,0,2,1.546965277345006,2
-0.8612537877613632,0.265219761949632,-0.5409596209507159,0.01159281936025158,-0.022677500849626255,1,0,0,2,1.870667456483234,2
-0.7794015461529287,0.5004269225273223,-0.015272812294867932,0.2890883059414825,-0.02265784805142817,1,0,0,2,1.5581106441600805,2
-0.7768958652873642,0.1718835871172152,-0.19050174851348392,-0.2659026672209769,-0.022691413965261937,1,1,0,2,1.5777479928198515,2
-0.9122026320278376,0.22166288036117152,-0.015272812294867932,-0.8208936403834363,-0.022708236772760453,1,1,0,2,1.4426950408889634,1
-0.6808447654407319,0.42202453566809284,-0.7161885571693318,0.01159281936025158,-0.022677500849626255,1,1,0,2,2.1328769032237767,2
-0.8236685747778982,0.15197186981963334,1.0361008050168279,0.01159281936025158,-0.022677500849626255,1,1,0,2,1.2841840137808098,1
-1.1803104846432197,0.7219447774629251,0.23004769841119443,0.566583792522711,-0.022630087736116487,1,1,0,2,1.5012713122516856,2
-0.7134186166930682,0.41829108867479603,-0.5760054081944391,0.8440792791039394,-0.022590875248488167,1,1,0,2,2.019773057244549,2
-0.7317936097072065,0.17437255177941424,-0.6110511954381623,0.01159281936025158,-0.022677500849626255,1,1,0,2,1.9571276772649318,2
-0.4586743953606956,0.2913538909027097,-0.5409596209507159,1.1215747656851704,-0.022535486137495106,1,1,0,2,2.0118499060291386,2
-1.2170604706714965,0.6510092845902892,-0.5409596209507159,-0.5433981538022078,-0.02270126369682387,1,1,0,2,1.8000762317102819,2
-0.9330833059075403,0.2689532089429288,0.4753682091172568,0.01159281936025158,-0.022677500849626255,1,1,0,2,1.3843030597903885,1
-0.4945891544337842,0.29384285556490697,-0.3657306847320999,-0.2659026672209769,-0.022691413965261937,1,0,0,2,1.682280356373097,2
-0.4018789624079042,0.2552639033008411,-0.7161885571693318,1.6765657388476298,-0.022346731132830054,1,0,0,2,2.3743346658528837,2
-0.7050663471411871,0.42202453566809284,0.26509348565491764,-0.5433981538022078,-0.02270126369682387,1,0,0,2,1.3825336564772654,1
-0.3626232955140633,0.23286322134106194,0.7557345070670424,-0.8208936403834363,-0.022708236772760453,1,0,0,2,1.2534519921949843,1
-0.7652026879147308,0.2664642442807315,-0.12041017402603753,-0.2659026672209769,-0.022691413965261937,1,0,0,2,1.5442658627415244,2
-0.2949699121438266,0.31375457286248876,-0.015272812294867932,-0.2659026672209769,-0.022691413965261937,1,0,0,2,1.500402842524522,2
-0.9915491927707077,0.5340279454669937,-0.6460969826818854,1.1215747656851704,-0.022535486137495106,1,0,0,2,2.159862135632722,2
-0.7777310922425524,0.3199769845179847,-0.7161885571693318,0.566583792522711,-0.022630087736116487,1,0,0,2,2.2133628241001455,2
-0.9272367172212235,0.42575798266138964,-0.2956391102446535,1.6765657388476298,-0.022346731132830054,1,0,0,2,1.8564820846203367,2
-0.8754526459995609,0.32495491384237923,-0.7161885571693318,0.566583792522711,-0.022630087736116487,1,0,0,2,2.2133628241001455,2
-0.9823616962636386,0.5290500161425974,0.7206887198233192,-0.5433981538022078,-0.02270126369682387,1,0,0,2,1.2845403086336682,1
-1.173628669001715,0.5489617334401792,-0.7161885571693318,0.01159281936025158,-0.022677500849626255,1,0,0,2,2.1328769032237767,2
-1.1560889029427648,0.6460313552658928,-0.7161885571693318,-0.2659026672209769,-0.022691413965261937,1,0,0,2,2.0926339427855924,2
-0.9447764832801738,0.19055082208369925,-0.7161885571693318,0.2890883059414825,-0.02265784805142817,1,0,0,2,2.1731198636619613,2
-0.7100777088723158,0.2502859739764465,-0.5409596209507159,-0.5433981538022078,-0.02270126369682387,1,0,0,2,1.8000762317102819,2
-0.23900970614622344,0.3660228307686424,-0.7161885571693318,-0.8208936403834363,-0.022708236772760453,1,0,0,2,2.012148021909223,2
-0.8746174190443728,0.3486000781332579,-0.7161885571693318,0.2890883059414825,-0.02265784805142817,1,0,0,2,2.1731198636619613,2
-0.40020850849752804,0.30379871421369786,-0.7161885571693318,-0.8208936403834363,-0.022708236772760453,1,0,0,2,2.012148021909223,2
-0.9731741997565695,0.3983793713772142,-0.5409596209507159,-0.5433981538022078,-0.02270126369682387,1,0,0,2,1.8000762317102819,2
-0.3492596642310536,0.28139803225391874,-0.5760054081944391,-0.8208936403834363,-0.022708236772760453,1,0,0,2,1.8033688011112043,2
-0.33673125990323194,0.18681737509040242,-0.19050174851348392,2.2315567120100868,-0.021970115385260103,1,0,0,2,1.8508197608079027,2
-0.626555013353505,0.37846765407963234,0.33518506014236404,0.2890883059414825,-0.02265784805142817,1,0,0,2,1.4447504866628915,1
-0.9180492207141544,0.5402503571224878,-0.9615090678753943,1.399070252266399,-0.022457246938654134,1,0,0,2,3.6037426204457486,3
-0.9940548736362721,0.38966799505952104,-0.5760054081944391,0.01159281936025158,-0.022677500849626255,1,1,0,2,1.9115709291778764,2
-0.657458410695465,0.11463739988666699,0.08986454943630166,-0.5433981538022078,-0.02270126369682387,1,1,0,2,1.4344587117199146,1
-1.0583673491857564,0.7816799293556723,0.08986454943630166,0.566583792522711,-0.022630087736116487,1,1,0,2,1.546965277345006,2
-1.1953445698366056,0.5029158871895214,0.12491033668002485,1.6765657388476298,-0.022346731132830054,1,1,0,2,1.6464263483261796,2
-1.0658843917824492,0.49793795786512507,0.08986454943630166,0.566583792522711,-0.022630087736116487,1,1,0,2,1.546965277345006,2
-0.2598903800259261,0.2876204439094129,0.40527663462981045,0.01159281936025158,-0.022677500849626255,1,1,0,2,1.4005640606631609,1
-0.7526742835869092,0.2552639033008411,-0.015272812294867932,-0.8208936403834363,-0.022708236772760453,1,1,0,2,1.4426950408889634,1
-0.7117481627826919,0.5676289684066632,0.685642932579596,-0.5433981538022078,-0.02270126369682387,1,1,0,2,1.290732833314316,1
-0.38935055808008273,0.24281907998985286,2.0874744223285235,-0.8208936403834363,-0.022708236772760453,0,1,0,2,1.105757138973323,1
-0.6950436236789297,0.44442521762787374,-0.19050174851348392,-0.2659026672209769,-0.022691413965261937,1,1,0,2,1.5777479928198515,2
-1.0433332639923705,0.4655814172565533,-0.015272812294867932,-0.2659026672209769,-0.022691413965261937,1,1,0,2,1.500402842524522,2
-0.9965605545018364,0.4892265815474337,-0.015272812294867932,-0.2659026672209769,-0.022691413965261937,1,1,0,2,1.500402842524522,2
-1.0141003205607866,0.5016714048584219,-0.015272812294867932,-0.5433981538022078,-0.02270126369682387,1,0,0,2,1.4715489417067427,1
-0.837867433016096,0.2826425145850165,0.37023084738608725,0.01159281936025158,-0.022677500849626255,1,0,0,2,1.4091247040767156,1
-1.156924129897953,0.5278055338114979,-0.7161885571693318,2.2315567120100868,-0.021970115385260103,1,0,0,2,2.454820586729252,2
-0.2966403660542028,0.3199769845179847,-0.05031859953859113,1.399070252266399,-0.022457246938654134,1,0,0,2,1.6889987220757823,2
-1.2287536480441301,0.5427393217846851,-0.47086804646326946,0.566583792522711,-0.022630087736116487,1,0,0,2,1.8679279954230974,2
-0.790259496570374,0.4854931345541369,0.08986454943630166,-0.8208936403834363,-0.022708236772760453,1,0,0,2,1.4063320703136417,1
-0.4244300901979832,0.3174880198557856,0.08986454943630166,-0.2659026672209769,-0.022691413965261937,1,0,0,2,1.4625853531261874,1
-0.38517442330414214,0.23908563299655605,0.19500191116747126,0.8440792791039394,-0.022590875248488167,1,0,0,2,1.539482435357964,2
-0.9305776250419758,0.39091247739062057,-0.08536438678231432,-0.2659026672209769,-0.022691413965261937,1,0,0,2,1.5288733397350716,2
-0.2548790182947974,0.2577528679630401,-0.12041017402603753,2.5090521985913177,-0.02165863952449058,1,0,0,2,1.8412400671148945,2
-0.8186572130467695,0.2751756205984229,0.08986454943630166,0.566583792522711,-0.022630087736116487,1,0,0,2,1.546965277345006,2
-0.8863105964170063,0.2988207848893033,0.08986454943630166,0.2890883059414825,-0.02265784805142817,1,0,0,2,1.5188386359387334,2
-0.7476629218557805,0.30379871421369786,0.08986454943630166,0.566583792522711,-0.022630087736116487,1,0,0,2,1.546965277345006,2
-0.329214217306539,0.35108904279545694,0.08986454943630166,3.619034144916234,-0.01847932614413363,1,0,0,2,1.8563583328140072,2
-0.6766686306647914,0.3809566187418297,0.08986454943630166,0.2890883059414825,-0.02265784805142817,1,0,0,2,1.5188386359387334,2
-0.9815264693084503,0.34611111347106055,-0.015272812294867932,-0.8208936403834363,-0.022708236772760453,1,0,0,2,1.4426950408889634,1
-0.8754526459995609,0.5265610514804001,0.08986454943630166,-0.8208936403834363,-0.022708236772760453,1,0,0,2,1.4063320703136417,1
-0.7008902123652465,0.21668495103677518,0.08986454943630166,4.451520604659924,-0.0107588113160615,1,0,0,2,1.9407382570328258,2
-0.5664186725799614,0.2988207848893033,0.08986454943630166,0.8440792791039394,-0.022590875248488167,1,0,0,2,1.5750919187512786,2
-0.32086194775465793,0.32246594918018195,0.08986454943630166,1.399070252266399,-0.022457246938654134,1,0,0,2,1.6313452015638243,2
-0.8194924400019578,0.312510090531391,0.08986454943630166,-0.8208936403834363,-0.022708236772760453,1,0,0,2,1.4063320703136417,1
-0.6106857012049309,0.41829108867479603,0.08986454943630166,0.2890883059414825,-0.02265784805142817,1,0,0,2,1.5188386359387334,2
-0.5288334595964965,0.19926219840139062,0.08986454943630166,0.01159281936025158,-0.022677500849626255,1,0,0,2,1.4907119945324603,1
-1.1226798247352405,0.5390058747913883,0.08986454943630166,0.2890883059414825,-0.02265784805142817,1,0,0,2,1.5188386359387334,2
-1.0466741718131227,0.5439838041157846,0.08986454943630166,-0.8208936403834363,-0.022708236772760453,1,0,0,2,1.4063320703136417,1
-0.5480436795658229,0.2589973502941379,0.08986454943630166,0.566583792522711,-0.022630087736116487,1,0,0,2,1.546965277345006,2
-0.7175947514690088,0.46807038191875233,0.08986454943630166,1.399070252266399,-0.022457246938654134,1,0,0,2,1.6313452015638243,2
-0.8470549295231652,0.22166288036117152,0.08986454943630166,0.01159281936025158,-0.022677500849626255,1,0,0,2,1.4907119945324603,1
-0.6783390845751677,0.520338639824906,0.08986454943630166,0.2890883059414825,-0.02265784805142817,1,0,0,2,1.5188386359387334,2
-0.6248845594431287,0.220418398030072,0.08986454943630166,0.8440792791039394,-0.022590875248488167,1,0,0,2,1.5750919187512786,2
-0.6933731697685536,0.23037425667886288,0.08986454943630166,0.2890883059414825,-0.02265784805142817,1,0,0,2,1.5188386359387334,2
-0.8412083408368484,0.6858547898610582,0.08986454943630166,0.2890883059414825,-0.02265784805142817,1,0,0,2,1.5188386359387334,2
-0.6683163611129104,0.4282469473235869,0.08986454943630166,-0.5433981538022078,-0.02270126369682387,1,0,0,2,1.4344587117199146,1
-0.7501686027213448,0.41331315935040147,0.08986454943630166,-0.2659026672209769,-0.022691413965261937,1,0,0,2,1.4625853531261874,1
-0.860418560806175,0.3050431965447974,-0.7161885571693318,5.006511577822382,0.0011508243340191213,1,0,0,2,2.857250191111097,0
-0.758520872273226,0.47927072289864103,0.08986454943630166,0.566583792522711,-0.022630087736116487,1,0,0,2,1.546965277345006,2
-0.9715037458461931,0.34362214880886327,0.08986454943630166,0.01159281936025158,-0.022677500849626255,1,0,0,2,1.4907119945324603,1
-0.9506230719664904,0.5302944984736969,0.08986454943630166,0.566583792522711,-0.022630087736116487,1,0,0,2,1.546965277345006,2
-0.9222253554900949,0.5153607105005096,0.08986454943630166,0.566583792522711,-0.022630087736116487,1,0,0,2,1.546965277345006,2
-1.0784127961102707,0.6248751556372114,0.08986454943630166,0.8440792791039394,-0.022590875248488167,1,0,0,2,1.5750919187512786,2
-0.9765151075773219,0.475537275905346,0.08986454943630166,0.01159281936025158,-0.022677500849626255,1,0,0,2,1.4907119945324603,1
-0.26239606089149037,0.23535218600325924,0.08986454943630166,0.01159281936025158,-0.022677500849626255,1,0,0,2,1.4907119945324603,1
-0.9531287528320547,0.5190941574938065,0.08986454943630166,0.01159281936025158,-0.022677500849626255,1,0,0,2,1.4907119945324603,1
-1.0266287248886081,0.5128717458383123,0.08986454943630166,-0.2659026672209769,-0.022691413965261937,1,0,0,2,1.4625853531261874,1
-1.0149355475159747,0.7455899417538037,0.08986454943630166,0.01159281936025158,-0.022677500849626255,1,0,0,2,1.4907119945324603,1
-1.0299696327093606,0.40335730070160875,0.08986454943630166,0.8440792791039394,-0.022590875248488167,1,0,0,2,1.5750919187512786,2
-1.166111626405022,0.49420451087182826,0.08986454943630166,0.8440792791039394,-0.022590875248488167,1,0,0,2,1.5750919187512786,2
-0.7852481348392454,0.3473555958021601,0.08986454943630166,0.01159281936025158,-0.022677500849626255,1,0,0,2,1.4907119945324603,1
-0.8286799365090269,0.6211417086439146,0.08986454943630166,0.01159281936025158,-0.022677500849626255,1,0,0,2,1.4907119945324603,1
-0.2941346851886385,0.3212214668490824,0.08986454943630166,1.6765657388476298,-0.022346731132830054,1,0,0,2,1.6594718429700974,2
-0.7217708862449491,0.21668495103677518,0.08986454943630166,0.2890883059414825,-0.02265784805142817,1,0,0,2,1.5188386359387334,2
-1.1385491368838145,0.5402503571224878,-0.015272812294867932,1.1215747656851704,-0.022535486137495106,1,0,0,2,1.6446723466134183,2
-0.3935266928560232,0.2502859739764465,0.08986454943630166,1.6765657388476298,-0.022346731132830054,1,0,0,2,1.6594718429700974,2
-1.095952562169221,0.4145576416814992,0.08986454943630166,0.01159281936025158,-0.022677500849626255,1,0,0,2,1.4907119945324603,1
-0.8345265251953438,0.4406917706345769,0.08986454943630166,0.8440792791039394,-0.022590875248488167,1,0,0,2,1.5750919187512786,2
-0.7251117940657017,0.24033011532765558,0.08986454943630166,1.399070252266399,-0.022457246938654134,1,0,0,2,1.6313452015638243,2
-0.4169130476012903,0.3162435375246878,0.08986454943630166,0.8440792791039394,-0.022590875248488167,1,0,0,2,1.5750919187512786,2
-1.1201741438696762,0.48673761688523465,-0.7161885571693318,1.399070252266399,-0.022457246938654134,1,0,0,2,2.334091705414699,2
-0.6933731697685536,0.26397527961853423,-0.7161885571693318,1.6765657388476298,-0.022346731132830054,1,0,0,2,2.3743346658528837,2
-0.3860096502593302,0.265219761949632,0.08986454943630166,1.399070252266399,-0.022457246938654134,1,0,0,2,1.6313452015638243,2
-0.8503958373439177,0.6373199789482014,0.08986454943630166,1.9540612254288583,-0.022190623407829305,1,0,0,2,1.6875984843763703,2
-0.7050663471411871,0.19926219840139062,0.08986454943630166,1.6765657388476298,-0.022346731132830054,1,0,0,2,1.6594718429700974,2
-0.9740094267117574,0.5315389808047947,0.08986454943630166,1.6765657388476298,-0.022346731132830054,1,0,0,2,1.6594718429700974,2
-0.8804640077306894,0.37846765407963234,-0.05031859953859113,0.01159281936025158,-0.022677500849626255,1,0,0,2,1.543395383965801,2
-0.7033958932308109,0.5651400037444659,0.08986454943630166,1.399070252266399,-0.022457246938654134,1,0,0,2,1.6313452015638243,2
-1.0032423701433413,0.5551841450956733,0.08986454943630166,1.6765657388476298,-0.022346731132830054,1,0,0,2,1.6594718429700974,2
-0.8412083408368484,0.4892265815474337,0.08986454943630166,2.2315567120100868,-0.021970115385260103,1,0,0,2,1.715725125782643,2
-0.9497878450113024,0.3759786894174333,0.08986454943630166,2.2315567120100868,-0.021970115385260103,1,0,0,2,1.715725125782643,2
-1.039992356171618,0.4892265815474337,0.08986454943630166,1.399070252266399,-0.022457246938654134,1,0,0,2,1.6313452015638243,2
-1.164441172494646,0.7182113304696283,-0.5059138337069927,11.111412282609432,47.61608605279301,1,0,0,2,3.2175791832291005,0
1.5107907649728602,0.3622893837753456,-0.7161885571693318,-0.5433981538022078,-0.02270126369682387,1,0,0,2,2.052390982347408,2
0.6321320081149722,0.2789090675917197,0.15995612392374806,0.2890883059414825,-0.02265784805142817,1,0,0,2,1.49546462440783,1
1.3003135722654577,0.2739311382673251,-0.7161885571693318,-0.8208936403834363,-0.022708236772760453,1,0,0,2,2.012148021909223,2
-0.6165322898912478,0.38717903039732376,1.1762839539917207,0.01159281936025158,-0.022677500849626255,1,0,0,0,1.2650207060824612,1
1.2735863096994382,-1.7222185208152962,-0.7161885571693318,-0.5433981538022078,-0.02270126369682387,1,0,0,0,2.052390982347408,2
1.5241543962558703,-2.020894280279029,-0.7161885571693318,-0.5433981538022078,-0.02270126369682387,1,1,0,0,2.052390982347408,2
1.478216913720524,-1.9910267043326562,-0.7161885571693318,0.2890883059414825,-0.02265784805142817,1,0,0,0,2.1731198636619613,2
1.4949214528242865,-1.9773373986905685,-0.4007764719758231,1.1215747656851704,-0.022535486137495106,1,0,0,0,1.872214810892391,2
1.1274215925415194,-1.1273559665500263,-0.7161885571693318,2.2315567120100868,-0.021970115385260103,1,0,0,0,2.454820586729252,2
0.703126299305961,1.0965339591236918,-0.015272812294867932,-0.8208936403834363,-0.022708236772760453,1,1,0,0,1.4426950408889634,1
0.686421760202199,0.6684320372256737,0.08986454943630166,-0.8208936403834363,-0.022708236772760453,1,0,0,0,1.4063320703136417,1
1.0956829682443712,0.6348310142860023,-0.7161885571693318,-0.8208936403834363,-0.022708236772760453,1,1,0,0,2.012148021909223,2
1.2844442601168833,0.22912977434776513,-0.7161885571693318,1.1215747656851704,-0.022535486137495106,1,0,0,0,2.293848744976515,2
-0.42860622497392364,0.6298530849616077,-0.7161885571693318,0.8440792791039394,-0.022590875248488167,1,0,0,0,2.25360578453833,2
-0.39018578503527085,0.4693148642498501,0.08986454943630166,-0.2659026672209769,-0.022691413965261937,1,0,0,0,1.4625853531261874,1
-0.407725551094221,0.6111858499951237,-0.4358222592195463,-0.5433981538022078,-0.02270126369682387,1,1,0,0,1.7024218235462036,2
-0.40939600500459716,0.6012299913463328,-0.22554753575720712,0.566583792522711,-0.022630087736116487,1,0,0,0,1.6881022203657416,2
-0.39185623894564703,0.5514506981023782,-0.08536438678231432,0.8440792791039394,-0.022590875248488167,1,0,0,0,1.6464789812531537,2
1.1140579612585098,-0.8349026187417861,-0.7161885571693318,-0.5433981538022078,-0.02270126369682387,1,1,0,0,2.052390982347408,2
1.1207397769000145,-0.8535698537082701,0.08986454943630166,-0.5433981538022078,-0.02270126369682387,1,1,0,0,1.4344587117199146,1
1.55505779359783,-0.08945770241355115,-0.7161885571693318,-0.8208936403834363,-0.022708236772760453,1,0,0,0,2.012148021909223,2
1.5609043822841469,0.29010940857161016,-0.6460969826818854,-0.2659026672209769,-0.022691413965261937,1,0,0,1,1.9704005447877464,2
-0.2415153870117877,0.434469358979081,-0.015272812294867932,-0.8208936403834363,-0.022708236772760453,1,0,0,1,1.4426950408889634,1
1.3504271895767441,-0.2076835238679461,0.33518506014236404,-0.5433981538022078,-0.02270126369682387,1,0,0,1,1.3644865707371752,1
1.341239693069675,-0.20643904153684658,-0.5409596209507159,-0.2659026672209769,-0.022691413965261937,1,0,0,1,1.8353718440967581,2
1.6653077516826602,0.7704795883757819,-0.7161885571693318,0.2890883059414825,-0.02265784805142817,1,1,0,1,2.1731198636619613,2
1.693705468159056,0.7717240707068814,-0.5760054081944391,0.01159281936025158,-0.022677500849626255,1,0,0,1,1.9115709291778764,2
-0.2991460469197672,0.3535780074576542,-0.4358222592195463,-0.2659026672209769,-0.022691413965261937,1,1,0,1,1.7358026436157372,2
-0.6674811341577224,0.4170466063436965,-0.6460969826818854,-0.2659026672209769,-0.022691413965261937,1,0,0,1,1.9704005447877464,2
-0.704231120185999,0.4892265815474337,-0.8914174933879478,-0.5433981538022078,-0.02270126369682387,1,1,0,1,2.6208815460857284,0
-0.3158505860235293,0.3660228307686424,-0.5409596209507159,-0.5433981538022078,-0.02270126369682387,1,1,0,1,1.8000762317102819,2
1.341239693069675,-0.17532698325937432,-0.8914174933879478,-0.2659026672209769,-0.022691413965261937,1,0,0,1,2.672271380322704,0
1.4356203390059308,-0.10439149038673841,-0.7161885571693318,-0.8208936403834363,-0.022708236772760453,1,1,0,0,2.012148021909223,2
1.4306089772748019,-0.12430320768432022,-0.7161885571693318,-0.2659026672209769,-0.022691413965261937,1,1,0,0,2.0926339427855924,2
1.4214214807677328,-0.10065804339344159,-0.7161885571693318,-0.5433981538022078,-0.02270126369682387,1,1,0,0,2.052390982347408,2
1.6770009290552936,0.7692351060446841,-0.5409596209507159,0.01159281936025158,-0.022677500849626255,1,1,0,0,1.870667456483234,2
1.1942397489565677,0.1793504811038088,-0.47086804646326946,0.566583792522711,-0.022630087736116487,1,0,0,0,1.8679279954230974,2
-0.3576119337829346,0.32868836083567604,0.08986454943630166,0.01159281936025158,-0.022677500849626255,1,0,0,0,1.4907119945324603,1
1.6911997872934916,0.7866578586800687,-0.015272812294867932,-0.5433981538022078,-0.02270126369682387,1,0,0,0,1.4715489417067427,1
1.3103362957277147,-0.8697481240125551,1.0010550177731048,-0.8208936403834363,-0.022708236772760453,1,0,0,2,1.216286406541323,1
1.6995520568453728,0.5265610514804001,-0.7161885571693318,-0.5433981538022078,-0.02270126369682387,1,0,0,2,2.052390982347408,2
-0.9990662353674007,0.689588236854355,3.3140769758588355,1.1215747656851704,-0.022535486137495106,0,0,0,0,1.1766680143163222,1
1.060603436126471,0.642297908272596,-0.08536438678231432,1.1215747656851704,-0.022535486137495106,1,0,0,0,1.6758803916326745,2
-0.4311119058394881,0.3759786894174333,2.297749145790863,0.2890883059414825,-0.02265784805142817,0,1,0,0,1.1777618980114881,1
0.8375978390912462,0.7854133763489691,-0.6460969826818854,-0.8208936403834363,-0.022708236772760453,1,0,0,0,1.894615908449756,2
0.9620466554142743,-2.9617229225897908,-0.3657306847320999,0.566583792522711,-0.022630087736116487,1,0,0,0,1.7793349923176986,2
1.55505779359783,-1.1870911184427737,0.08986454943630166,-0.8208936403834363,-0.022708236772760453,1,0,0,0,1.4063320703136417,1
0.4584048014358458,0.24779700931424745,-0.7161885571693318,-0.2659026672209769,-0.022691413965261937,1,0,0,0,2.0926339427855924,2
0.47093320576366754,0.2602418326252374,-0.7161885571693318,0.8440792791039394,-0.022590875248488167,1,1,0,0,2.25360578453833,2
-0.869606057313244,0.39091247739062057,-0.7161885571693318,0.2890883059414825,-0.02265784805142817,1,1,0,0,2.1731198636619613,2
1.6619668438619077,-1.9200912114600186,-0.7161885571693318,-0.5433981538022078,-0.02270126369682387,1,0,0,0,2.052390982347408,2
-0.3601176146484989,0.6646985902323769,0.08986454943630166,-0.5433981538022078,-0.02270126369682387,1,1,0,0,1.4344587117199146,1
-0.4102312319597854,0.5638955214133664,0.23004769841119443,0.01159281936025158,-0.022677500849626255,1,0,0,0,1.4466796281698062,1
-0.41607782064610205,0.5651400037444659,0.26509348565491764,-0.8208936403834363,-0.022708236772760453,1,0,0,0,1.355425153409084,1
1.453160105064881,-0.09194666707574843,-0.4358222592195463,1.1215747656851704,-0.022535486137495106,1,0,0,0,1.9027067439634042,2
-1.212049108940368,0.6721654842189705,0.08986454943630166,-0.8208936403834363,-0.022708236772760453,1,0,0,1,1.4063320703136417,1
1.5817850561638493,-1.106199766921345,-0.4007764719758231,-0.5433981538022078,-0.02270126369682387,1,0,0,1,1.6751395676405603,2
1.2568817705956759,0.20424012772578698,0.6505971453358728,-0.2659026672209769,-0.022691413965261937,1,1,0,1,1.3225408463490198,1
1.2877851679376362,0.22166288036117152,0.08986454943630166,-0.2659026672209769,-0.022691413965261937,1,0,0,1,1.4625853531261874,1
1.2861147140272597,0.4406917706345769,0.08986454943630166,-0.2659026672209769,-0.022691413965261937,1,1,0,1,1.4625853531261874,1
1.684517971651987,0.7854133763489691,0.08986454943630166,-0.2659026672209769,-0.022691413965261937,1,0,0,1,1.4625853531261874,1
1.6903645603383037,0.7605237297269909,-0.7161885571693318,-0.8208936403834363,-0.022708236772760453,1,1,0,1,2.012148021909223,2
1.6903645603383037,0.7418564947605069,-0.12041017402603753,2.2315567120100868,-0.021970115385260103,1,0,0,1,1.8115426466775573,2
-0.39436191981121127,0.2789090675917197,0.08986454943630166,1.399070252266399,-0.022457246938654134,1,0,0,0,1.6313452015638243,2
1.3011487992206456,0.43695832364128007,0.08986454943630166,-0.2659026672209769,-0.022691413965261937,1,0,0,2,1.4625853531261874,1
-0.7543447374972854,0.3697562777619392,-0.5409596209507159,-0.5433981538022078,-0.02270126369682387,1,0,0,2,1.8000762317102819,2
1.2669044940579335,-0.08199080842695752,0.08986454943630166,-0.8208936403834363,-0.022708236772760453,1,1,0,2,1.4063320703136417,1
1.0956829682443712,-0.27488556974728523,-0.7862801316567782,-0.2659026672209769,-0.022691413965261937,1,0,0,2,2.2583313058969092,2
-0.3409073946791725,0.6559872139146837,-0.5760054081944391,-0.5433981538022078,-0.02270126369682387,1,1,0,2,1.8394361771334282,2
1.5099555380176723,-1.9686260223728753,2.437932294765756,-0.8208936403834363,-0.022708236772760453,0,1,0,2,1.0810874359387674,1
-1.2020263854781106,0.7281671891184192,0.08986454943630166,0.566583792522711,-0.022630087736116487,1,0,0,0,1.546965277345006,2
0.9712341519213434,0.6398089436103986,0.26509348565491764,-0.2659026672209769,-0.022691413965261937,1,0,0,0,1.4096421595454474,1
1.5450350701355728,-1.9897822220015566,0.08986454943630166,0.8440792791039394,-0.022590875248488167,1,1,0,0,1.5750919187512786,2
1.0706261595887283,0.058635694987216554,-0.7161885571693318,-0.2659026672209769,-0.022691413965261937,1,0,0,0,2.0926339427855924,2
1.5258248501662461,-1.9673815400417776,0.08986454943630166,0.01159281936025158,-0.022677500849626255,1,0,0,0,1.4907119945324603,1
-1.197015023746982,0.7505678710782,-0.12041017402603753,2.5090521985913177,-0.02165863952449058,1,0,0,0,1.8412400671148945,2
-0.3776573807074492,0.3050431965447974,0.08986454943630166,0.566583792522711,-0.022630087736116487,1,0,0,0,1.546965277345006,2
1.5391884814492562,-1.984804292677162,0.08986454943630166,-0.2659026672209769,-0.022691413965261937,1,1,0,0,1.4625853531261874,1
1.5049441762865434,0.7169668481385305,0.08986454943630166,-0.5433981538022078,-0.02270126369682387,1,1,0,0,1.4344587117199146,1
-0.8863105964170063,0.4780262405675433,1.246375528479167,1.6765657388476298,-0.022346731132830054,1,1,0,0,1.398267383837792,1
0.33729689293357035,0.37846765407963234,0.08986454943630166,-0.2659026672209769,-0.022691413965261937,1,0,0,0,1.4625853531261874,1
0.49515478746412256,0.42202453566809284,2.297749145790863,-0.8208936403834363,-0.022708236772760453,0,0,0,0,1.090520275936563,1
-0.3484244372758655,0.344866631139961,0.08986454943630166,-0.2659026672209769,-0.022691413965261937,1,0,0,0,1.4625853531261874,1
0.7114785688578422,-3.0625259914088008,-0.5760054081944391,-0.8208936403834363,-0.022708236772760453,1,0,0,0,1.8033688011112043,2
-0.3617880685588752,0.4282469473235869,0.08986454943630166,-0.8208936403834363,-0.022708236772760453,1,1,0,0,1.4063320703136417,1
-0.290793777367886,0.34362214880886327,0.08986454943630166,0.566583792522711,-0.022630087736116487,1,1,0,0,1.546965277345006,2
-0.3484244372758655,0.39091247739062057,-0.08536438678231432,2.5090521985913177,-0.02165863952449058,1,1,0,0,1.8228874435302775,2
1.031370492694887,-0.31844245133574745,0.08986454943630166,-0.8208936403834363,-0.022708236772760453,1,0,0,0,1.4063320703136417,1
1.1324329542726481,1.0952894767925923,2.0173828478410774,0.01159281936025158,-0.022677500849626255,0,0,0,0,1.177827594563795,1
-0.696714077589306,0.344866631139961,2.3327949330345863,-0.5433981538022078,-0.02270126369682387,0,0,0,0,1.109873118946097,1
1.4314442042299904,0.47678175823644375,0.08986454943630166,0.566583792522711,-0.022630087736116487,1,0,0,1,1.546965277345006,2
0.7532399166172475,-0.17408250092827657,-0.5409596209507159,-0.8208936403834363,-0.022708236772760453,1,0,0,1,1.7647806193238058,2
1.0973534221547476,-1.1111776962457396,-0.7161885571693318,0.566583792522711,-0.022630087736116487,1,0,0,1,2.2133628241001455,2
-0.5806175308181591,0.36104490144424783,-0.3306848974883767,-0.2659026672209769,-0.022691413965261937,1,1,0,1,1.6584307422997653,2
1.3220294731003484,-1.8080878016611195,-0.7161885571693318,-0.5433981538022078,-0.02270126369682387,1,1,0,2,2.052390982347408,2
-1.148571860346072,0.6597206609079805,0.08986454943630166,0.2890883059414825,-0.02265784805142817,1,1,0,2,1.5188386359387334,2
-1.1477366333908838,0.6597206609079805,0.08986454943630166,0.2890883059414825,-0.02265784805142817,1,1,0,2,1.5188386359387334,2
-1.150242314256448,0.6534982492524865,0.08986454943630166,-0.8208936403834363,-0.022708236772760453,1,0,0,2,1.4063320703136417,1
-1.1519127681668242,0.6559872139146837,0.08986454943630166,-0.8208936403834363,-0.022708236772760453,1,1,0,2,1.4063320703136417,1
1.022182996187818,-1.055175991346291,0.08986454943630166,-0.5433981538022078,-0.02270126369682387,1,1,0,0,1.4344587117199146,1
1.0088193649048083,-1.07757667330607,0.08986454943630166,0.2890883059414825,-0.02265784805142817,1,0,0,0,1.5188386359387334,2
1.023018223143006,-1.0701097793194765,0.08986454943630166,0.8440792791039394,-0.022590875248488167,1,0,0,0,1.5750919187512786,2
1.5492112049115132,0.41206867701930194,0.08986454943630166,0.566583792522711,-0.022630087736116487,1,1,0,0,1.546965277345006,2
1.5266600771214347,0.4083352300260051,-0.5409596209507159,1.1215747656851704,-0.022535486137495106,1,1,0,0,2.0118499060291386,2
1.5191430345247414,0.4854931345541369,-0.7161885571693318,0.01159281936025158,-0.022677500849626255,1,1,0,0,2.1328769032237767,2
1.5467055240459489,0.37971213641073015,1.6669249754038453,-0.8208936403834363,-0.022708236772760453,0,0,0,0,1.1410245570933435,1
1.545870297090761,0.0188122603920529,-0.7161885571693318,5.006511577822382,0.0011508243340191213,1,0,0,0,2.857250191111097,0
-0.9957253275466483,0.49793795786512507,0.08986454943630166,0.566583792522711,-0.022630087736116487,1,1,0,0,1.546965277345006,2
0.5360809082683397,-2.5423323770094637,-0.7862801316567782,1.399070252266399,-0.022457246938654134,1,0,0,0,2.51890799503886,0
1.3312169696074174,-1.835466412945295,-0.9615090678753943,-0.5433981538022078,-0.02270126369682387,1,0,0,0,3.16880816625402,0
-0.4586743953606956,-1.2505597173288159,-0.2605933230009303,0.8440792791039394,-0.022590875248488167,1,0,0,0,1.739737816766913,2
-0.8863105964170063,0.6373199789482014,3.1038022523964965,-0.8208936403834363,-0.022708236772760453,0,0,0,0,1.0425809785606157,1
0.6129217881456457,0.5327834631358942,3.874809571758407,-0.8208936403834363,-0.022708236772760453,0,0,0,0,1.0074867082305068,1
-0.41607782064610205,0.3822011010729292,0.12491033668002485,0.566583792522711,-0.022630087736116487,1,0,0,0,1.53480422301593,2
1.3604499130390013,0.715722365807431,0.08986454943630166,0.566583792522711,-0.022630087736116487,1,1,0,0,1.546965277345006,2
1.0104898188151843,-1.132333895874421,-0.7161885571693318,0.8440792791039394,-0.022590875248488167,1,1,0,0,2.25360578453833,2
1.0739670674094806,-2.5659775413003443,-0.5409596209507159,-0.5433981538022078,-0.02270126369682387,1,0,0,1,1.8000762317102819,2
-0.3977028276319638,0.37846765407963234,0.8959176560419352,0.01159281936025158,-0.022677500849626255,1,1,0,1,1.3052762928168204,1
0.9411659815345716,-0.4005782851882738,0.08986454943630166,0.01159281936025158,-0.022677500849626255,1,0,0,1,1.4907119945324603,1
0.6271206463838433,1.1002674061169886,-0.6110511954381623,-0.2659026672209769,-0.022691413965261937,1,0,0,1,1.9202007399580465,2
0.7114785688578422,0.5738513800621573,2.297749145790863,-0.5433981538022078,-0.02270126369682387,0,1,0,1,1.1123306814552942,1
-0.7134186166930682,0.446914182290071,0.08986454943630166,0.566583792522711,-0.022630087736116487,1,0,0,0,1.546965277345006,2
-0.7209356592897611,0.43322487664798326,0.08986454943630166,-0.5433981538022078,-0.02270126369682387,1,0,0,0,1.4344587117199146,1
1.438961246826683,-0.42049000248585566,-0.22554753575720712,0.566583792522711,-0.022630087736116487,1,1,0,0,1.6881022203657416,2
0.4918138796433702,-2.4763748134612245,-0.5059138337069927,-0.8208936403834363,-0.022708236772760453,1,0,0,0,1.7298812813059679,2
0.5260581848060824,-2.516198248056388,-0.8914174933879478,-0.5433981538022078,-0.02270126369682387,1,0,0,2,2.6208815460857284,0
0.5268934117612706,-2.5087313540697944,-0.47086804646326946,-0.8208936403834363,-0.022708236772760453,1,0,0,2,1.698116359475543,2
0.5352456813131518,-2.4838417074478163,-0.7161885571693318,-0.5433981538022078,-0.02270126369682387,1,1,0,2,2.052390982347408,2
0.5377513621787159,-2.477619295792322,-0.5409596209507159,-0.8208936403834363,-0.022708236772760453,1,0,0,2,1.7647806193238058,2
0.5076831917919441,-2.4850861897789156,-0.9615090678753943,-0.5433981538022078,-0.02270126369682387,1,0,0,2,3.16880816625402,0
0.5285638656716467,-2.463929990150234,-0.751234344413055,1.1215747656851704,-0.022535486137495106,1,0,0,2,2.377084631118204,2
0.5402570430442802,-2.4850861897789156,-0.8914174933879478,-0.5433981538022078,-0.02270126369682387,1,0,0,2,2.6208815460857284,0
0.5135297804782608,-2.4825972251167183,-0.8914174933879478,-0.2659026672209769,-0.022691413965261937,1,1,0,2,2.672271380322704,0
0.5168706882990132,-2.5435768593405634,-0.8914174933879478,-0.2659026672209769,-0.022691413965261937,1,0,0,2,2.672271380322704,0
0.5043422839711917,-2.4850861897789156,-0.8914174933879478,-0.5433981538022078,-0.02270126369682387,1,0,0,2,2.6208815460857284,0
0.5051775109263796,-2.4975310130899038,-0.7862801316567782,-0.2659026672209769,-0.022691413965261937,1,0,0,2,2.2583313058969092,2
0.4934843335537464,-2.5149537657252883,-0.6110511954381623,0.2890883059414825,-0.02265784805142817,1,0,0,2,1.9940546145718174,2
0.5110240996126965,-2.4987754954210035,-0.19050174851348392,6.67148449730976,0.1669283836627826,1,0,0,2,2.3362806816755493,2
-0.634072055950198,-1.688617497875625,-0.5760054081944391,-0.8208936403834363,-0.022708236772760453,1,0,0,2,1.8033688011112043,2
1.5525521127322657,0.023790189716447474,0.08986454943630166,-0.5433981538022078,-0.02270126369682387,1,0,0,0,1.4344587117199146,1
0.38072869460335185,0.26770872661183104,0.08986454943630166,-0.2659026672209769,-0.022691413965261937,1,0,0,0,1.4625853531261874,1
-0.6215436516223763,0.30006526722040106,0.08986454943630166,-0.5433981538022078,-0.02270126369682387,1,0,0,0,1.4344587117199146,1
1.3253703809211006,0.2278852920166656,0.8959176560419352,-0.8208936403834363,-0.022708236772760453,1,0,0,0,1.2313927290724722,1
1.2911260757583884,0.23410770367215972,0.08986454943630166,0.566583792522711,-0.022630087736116487,1,1,0,0,1.546965277345006,2
1.2777624444753786,0.15321635215073287,0.019772974948855264,-0.8208936403834363,-0.022708236772760453,1,1,0,0,1.4299983375133718,1
1.3303817426522295,0.28886492624051235,0.08986454943630166,0.01159281936025158,-0.022677500849626255,1,1,0,0,1.4907119945324603,1
1.1792056637631818,-1.489500324899803,0.08986454943630166,-0.8208936403834363,-0.022708236772760453,1,1,0,0,1.4063320703136417,1
0.4959900144193105,-1.2480707526666186,0.08986454943630166,-0.2659026672209769,-0.022691413965261937,1,1,0,0,1.4625853531261874,1
1.45817146679601,-1.5504799591236482,-0.3657306847320999,-0.5433981538022078,-0.02270126369682387,1,1,0,0,1.6499288110582295,2
0.5569615821480424,0.5029158871895214,3.4893059120774517,-0.5433981538022078,-0.02270126369682387,0,0,0,0,1.0444822626142043,1
1.0706261595887283,0.9969753726357808,0.08986454943630166,-0.8208936403834363,-0.022708236772760453,1,0,0,0,1.4063320703136417,1
-0.5914754812356046,0.3112656082002915,0.08986454943630166,0.566583792522711,-0.022630087736116487,1,0,0,0,1.546965277345006,2
1.443137381602624,0.7144778834763315,0.08986454943630166,0.2890883059414825,-0.02265784805142817,1,0,0,0,1.5188386359387334,2
1.5283305310318105,1.1836477223006145,0.08986454943630166,0.8440792791039394,-0.022590875248488167,1,1,0,0,1.5750919187512786,2
-0.8846401425066299,0.609941367664026,7.239205147155833,0.01159281936025158,-0.022677500849626255,0,0,0,0,0.9677778277426362,1
-0.009322293469493904,-2.0694290911918856,-0.6110511954381623,0.2890883059414825,-0.02265784805142817,1,0,0,0,1.9940546145718174,2
-0.5012709700752891,0.3560669721198515,2.8584817416904342,-0.5433981538022078,-0.02270126369682387,0,0,0,0,1.0768129873715127,1
-1.1836513924639724,0.7567902827336941,0.08986454943630166,0.01159281936025158,-0.022677500849626255,1,0,0,0,1.4907119945324603,1
-0.961481022383936,0.5464727687779819,1.3164671029666135,0.2890883059414825,-0.02265784805142817,1,1,0,0,1.2710382599828889,1
1.664472524727472,-1.7471081674372744,0.19500191116747126,-0.8208936403834363,-0.022708236772760453,1,0,0,0,1.374537888712468,1
-1.0424980370371821,0.3622893837753456,0.08986454943630166,-0.2659026672209769,-0.022691413965261937,1,0,0,0,1.4625853531261874,1
1.7421486315599661,-1.6326157929761762,0.08986454943630166,0.01159281936025158,-0.022677500849626255,1,0,0,0,1.4907119945324603,1
1.5049441762865434,-2.0482728915632045,0.08986454943630166,-0.5433981538022078,-0.02270126369682387,1,0,0,0,1.4344587117199146,1
1.2861147140272597,0.24157459765875333,0.08986454943630166,1.399070252266399,-0.022457246938654134,1,0,0,0,1.6313452015638243,2
1.4088930764399112,-1.4011420793917826,-0.7161885571693318,-0.8208936403834363,-0.022708236772760453,1,1,0,0,2.012148021909223,2
0.6037342916385765,0.5327834631358942,1.0361008050168279,-0.5433981538022078,-0.02270126369682387,1,0,0,0,1.2357242396758734,1
1.5500464318667018,-1.5517244414547477,0.08986454943630166,0.01159281936025158,-0.022677500849626255,1,1,0,1,1.4907119945324603,1
1.2126147419707063,-1.4820334309132095,-0.7161885571693318,-0.8208936403834363,-0.022708236772760453,1,1,0,1,2.012148021909223,2
0.8701716903435824,0.8513709398972105,0.08986454943630166,2.2315567120100868,-0.021970115385260103,1,1,0,1,1.715725125782643,2
0.9202853076548689,0.13206015252205153,-0.5409596209507159,-0.2659026672209769,-0.022691413965261937,1,1,0,1,1.8353718440967581,2
1.327040834831477,0.6310975672927073,0.08986454943630166,-0.2659026672209769,-0.022691413965261937,1,0,0,1,1.4625853531261874,1
-0.008487066514305964,-2.0719180558540846,-0.8563717061442246,-0.8208936403834363,-0.022708236772760453,1,1,0,1,2.4044917348149393,2
0.9587057475935219,-2.5336210006917725,0.08986454943630166,1.399070252266399,-0.022457246938654134,1,0,0,0,1.6313452015638243,2
1.786415660184936,-1.8118212486544163,0.08986454943630166,-0.8208936403834363,-0.022708236772760453,1,0,0,0,1.4063320703136417,1
0.9069216763718593,-3.1670625072211083,-0.3657306847320999,-0.5433981538022078,-0.02270126369682387,1,0,0,0,1.6499288110582295,2
1.4464782894233763,-0.13674803099530844,0.08986454943630166,-0.5433981538022078,-0.02270126369682387,1,0,0,0,1.4344587117199146,1
1.0322057196500753,-2.4825972251167183,-0.7161885571693318,1.399070252266399,-0.022457246938654134,1,1,0,0,2.334091705414699,2
0.8476205625535036,-0.31222003968025336,2.7182985927155414,-0.5433981538022078,-0.02270126369682387,0,1,0,0,1.0849954904854138,1
-0.010157520424682142,-2.0607177148741944,-0.8914174933879478,0.01159281936025158,-0.022677500849626255,1,1,0,0,2.723661214559679,0
-1.0475093987683108,0.7144778834763315,0.08986454943630166,1.6765657388476298,-0.022346731132830054,1,1,0,0,1.6594718429700974,2
0.7991773991525936,-3.017724627489241,-0.3657306847320999,0.566583792522711,-0.022630087736116487,1,1,0,0,1.7793349923176986,2
1.3930237642913375,-1.0738432263127733,0.08986454943630166,0.2890883059414825,-0.02265784805142817,1,0,0,0,1.5188386359387334,2
0.46675707098772695,0.475537275905346,0.6155513580921496,0.2890883059414825,-0.02265784805142817,1,1,0,2,1.38035998063079,1
0.9436716624001358,-1.0091301450956314,-0.7161885571693318,-0.2659026672209769,-0.022691413965261937,1,0,0,2,2.0926339427855924,2
1.655285028220403,-0.17408250092827657,0.7907802943107656,1.6765657388476298,-0.022346731132830054,1,0,0,2,1.47230083631235,1
0.9787511945180364,0.17437255177941424,0.08986454943630166,-0.5433981538022078,-0.02270126369682387,1,0,0,2,1.4344587117199146,1
1.1833817985391224,0.7891468233422659,0.08986454943630166,0.8440792791039394,-0.022590875248488167,1,1,0,2,1.5750919187512786,2
0.8918875911784734,0.2664642442807315,0.08986454943630166,0.01159281936025158,-0.022677500849626255,1,1,0,2,1.4907119945324603,1
1.0572625283057184,-0.07950184376476024,-1.0666464296065639,-0.8208936403834363,-0.022708236772760453,1,0,0,2,7.213475204444817,3
1.593478233536483,-1.623904416658483,-1.0666464296065639,0.01159281936025158,-0.022677500849626255,1,0,0,2,7.646283716711506,3
1.1073761456170048,0.5278055338114979,0.7557345070670424,-0.5433981538022078,-0.02270126369682387,1,0,0,2,1.278521032038884,1
1.5091203110624845,-1.4534103372979346,0.08986454943630166,-0.8208936403834363,-0.022708236772760453,1,0,0,2,1.4063320703136417,1
1.2451885932230422,0.2913538909027097,0.08986454943630166,0.01159281936025158,-0.022677500849626255,1,0,0,2,1.4907119945324603,1
0.8952284989992257,0.26770872661183104,0.08986454943630166,0.01159281936025158,-0.022677500849626255,1,0,0,2,1.4907119945324603,1
0.4099616380349357,0.29633182022710425,0.08986454943630166,-0.5433981538022078,-0.02270126369682387,1,0,0,2,1.4344587117199146,1
-0.947282164145738,0.5066493341828182,1.1412381667479974,-0.8208936403834363,-0.022708236772760453,1,1,0,0,1.1977805787350928,1
-0.31668581297871734,0.20424012772578698,0.6155513580921496,-0.5433981538022078,-0.02270126369682387,1,1,0,0,1.3036733150401905,1
1.060603436126471,-2.630690622517486,0.08986454943630166,-0.8208936403834363,-0.022708236772760453,1,0,0,0,1.4063320703136417,1
0.7498990087964952,0.19552875140809559,0.08986454943630166,0.01159281936025158,-0.022677500849626255,1,1,0,0,1.4907119945324603,1
-0.74348678707984,0.43695832364128007,-0.7161885571693318,-0.8208936403834363,-0.022708236772760453,1,0,0,0,2.012148021909223,2
0.7365353775134855,-2.8920319120482523,-0.5409596209507159,0.01159281936025158,-0.022677500849626255,1,1,0,0,1.870667456483234,2
0.7089728879922779,0.357311454450951,-0.7161885571693318,-0.8208936403834363,-0.022708236772760453,1,1,0,0,2.012148021909223,2
0.35483665899252065,0.22912977434776513,-0.7161885571693318,-0.2659026672209769,-0.022691413965261937,1,0,0,0,2.0926339427855924,2
-1.0617082570065086,0.8526154222283082,5.066366338044996,0.2890883059414825,-0.02265784805142817,0,0,0,0,1.0432464822293428,1
1.6978816029349963,-1.564169264765736,0.08986454943630166,-0.2659026672209769,-0.022691413965261937,1,0,0,0,1.4625853531261874,1
1.036381854426016,-2.5846447762668263,-1.0666464296065639,0.566583792522711,-0.022630087736116487,1,1,0,0,7.934822724889299,3
1.0806488830509853,-2.570955470624739,0.08986454943630166,1.6765657388476298,-0.022346731132830054,1,0,0,0,1.6594718429700974,2
1.3696374095460704,0.43198039431688373,0.08986454943630166,0.01159281936025158,-0.022677500849626255,1,0,0,0,1.4907119945324603,1
1.0555920743953424,-2.612023387551002,-0.5409596209507159,-0.2659026672209769,-0.022691413965261937,1,0,0,1,1.8353718440967581,2
1.0714613865439162,-2.6132678698821015,-0.5409596209507159,0.566583792522711,-0.022630087736116487,1,1,0,1,1.9412586812561863,2
1.4924157719587219,-1.2020249064159592,-0.2605933230009303,-0.8208936403834363,-0.022708236772760453,1,0,0,1,1.5533373363990297,2
1.3629555939045657,0.39713488904611466,0.08986454943630166,2.5090521985913177,-0.02165863952449058,1,1,0,1,1.743851767188916,2
-0.40020850849752804,0.5651400037444659,0.08986454943630166,-0.5433981538022078,-0.02270126369682387,1,1,0,1,1.4344587117199146,1
-1.135208229063062,-0.02723358585860662,0.08986454943630166,0.01159281936025158,-0.022677500849626255,1,1,0,1,1.4907119945324603,1
1.6202054961025025,-1.5629247824346382,0.08986454943630166,0.566583792522711,-0.022630087736116487,1,1,0,1,1.546965277345006,2
1.6143589074161857,-1.2542931643221127,0.08986454943630166,-0.5433981538022078,-0.02270126369682387,1,1,0,1,1.4344587117199146,1
1.0906716065132427,-1.3662965741210136,-0.751234344413055,-0.2659026672209769,-0.022691413965261937,1,1,0,1,2.168568435406081,2
1.1023647838858763,-1.3438958921612327,-0.5059138337069927,0.566583792522711,-0.022630087736116487,1,1,0,1,1.9028694094365648,2
0.6446604124427936,0.3921569597217201,0.08986454943630166,0.566583792522711,-0.022630087736116487,1,1,0,1,1.546965277345006,2
1.094012514333995,-1.35882968013442,-0.9615090678753943,-0.2659026672209769,-0.022691413965261937,1,1,0,0,3.230941659709982,0
1.0848250178269259,-1.3725189857765077,-0.9615090678753943,0.2890883059414825,-0.02265784805142817,1,1,0,0,3.355208646621904,0
1.0965181951995595,-1.3613186447966172,-0.3306848974883767,4.174025118078694,-0.014253627954591465,1,1,0,0,2.168717124545847,2
1.429773750319614,-2.0159163509546345,1.8421539116224614,0.01159281936025158,-0.022677500849626255,0,0,0,2,1.1929813289434261,1
-1.0842593847965876,0.6124303323262232,0.8959176560419352,1.6765657388476298,-0.022346731132830054,1,1,0,2,1.4530434203055174,1
-0.649941368098772,0.2975763025582038,-0.3306848974883767,-0.5433981538022078,-0.02270126369682387,1,0,0,2,1.626537843409385,2
0.874347825119523,-0.2811079814027811,2.297749145790863,-0.5433981538022078,-0.02270126369682387,0,0,0,0,1.1123306814552942,1
-0.7084072549619395,0.42575798266138964,-0.5760054081944391,-0.8208936403834363,-0.022708236772760453,1,0,0,0,1.8033688011112043,2
-0.5889698003700402,0.4693148642498501,2.893527528934157,-0.2659026672209769,-0.022691413965261937,0,0,0,0,1.0959060866048098,1
-0.4879073387922793,0.20050668073249014,-0.2956391102446535,0.01159281936025158,-0.022677500849626255,1,1,0,0,1.6676872963538616,2
-0.4327823597498643,0.19926219840139062,-0.6110511954381623,-0.8208936403834363,-0.022708236772760453,1,1,0,0,1.8463468653442754,2
0.5544559012824782,0.37100076009303873,2.998664890665327,0.2890883059414825,-0.02265784805142817,0,1,0,0,1.1319130114589835,1
-0.758520872273226,0.4518921116144656,-0.5409596209507159,0.01159281936025158,-0.022677500849626255,1,1,0,0,1.870667456483234,2
-0.7418163331694637,0.46807038191875233,2.2627033585471397,0.01159281936025158,-0.022677500849626255,0,1,0,0,1.1585431352723172,1
1.0890011526028665,-0.25372937011860563,0.08986454943630166,-0.8208936403834363,-0.022708236772760453,1,0,0,0,1.4063320703136417,1
1.0589329822160947,-0.19399421822585838,0.08986454943630166,0.2890883059414825,-0.02265784805142817,1,0,0,0,1.5188386359387334,2
0.6246149655182792,-3.0139911804959443,-0.5409596209507159,-0.5433981538022078,-0.02270126369682387,1,0,0,0,1.8000762317102819,2
0.8902171372680971,0.3585559367820488,-0.5409596209507159,-0.5433981538022078,-0.02270126369682387,1,1,0,0,1.8000762317102819,2
0.9119330381029878,0.2826425145850165,-0.4007764719758231,0.01159281936025158,-0.022677500849626255,1,1,0,0,1.7408313153911705,2
0.8710069172987707,0.09721464725128244,-0.7161885571693318,0.01159281936025158,-0.022677500849626255,1,0,0,0,2.1328769032237767,2
1.1048704647514407,-0.2101724885301434,0.08986454943630166,-0.8208936403834363,-0.022708236772760453,1,0,0,0,1.4063320703136417,1
0.8852057755369683,-0.38688897954618606,-0.5409596209507159,-0.8208936403834363,-0.022708236772760453,1,1,0,0,1.7647806193238058,2
0.8835353216265921,-0.4043117321815706,-0.5409596209507159,1.6765657388476298,-0.022346731132830054,1,1,0,0,2.082441130802091,2
1.0906716065132427,-0.27613005207838476,0.08986454943630166,0.01159281936025158,-0.022677500849626255,1,0,0,0,1.4907119945324603,1
1.0898363795580543,-0.25746281711190067,0.08986454943630166,-0.8208936403834363,-0.022708236772760453,1,0,0,0,1.4063320703136417,1
1.0998591030203118,-0.25372937011860563,0.08986454943630166,-0.2659026672209769,-0.022691413965261937,1,1,0,0,1.4625853531261874,1
1.0614386630816588,-0.25746281711190067,0.08986454943630166,0.01159281936025158,-0.022677500849626255,1,0,0,0,1.4907119945324603,1
1.0756375213198568,-0.2562183347808029,-0.7161885571693318,0.8440792791039394,-0.022590875248488167,1,0,0,0,2.25360578453833,2
-0.8228333478227101,0.5477172511090814,-0.5059138337069927,1.6765657388476298,-0.022346731132830054,1,0,0,0,2.0412599119410424,2
1.101529556930688,-0.23008420582772524,0.08986454943630166,-0.5433981538022078,-0.02270126369682387,1,1,0,0,1.4344587117199146,1
1.0196773153222536,-2.752649890965178,-0.5409596209507159,-0.2659026672209769,-0.022691413965261937,1,0,0,0,1.8353718440967581,2
1.092342060423619,-0.23506213515212157,-0.5409596209507159,0.01159281936025158,-0.022677500849626255,1,0,0,0,1.870667456483234,2
1.0981886491099357,-0.23755109981431885,0.08986454943630166,1.1215747656851704,-0.022535486137495106,1,0,0,0,1.6032185601575517,2
1.5416941623148206,-1.4758110192577154,-0.7161885571693318,0.01159281936025158,-0.022677500849626255,1,0,0,0,2.1328769032237767,2
0.8651603286124538,0.1158818822177665,0.08986454943630166,0.2890883059414825,-0.02265784805142817,1,0,0,0,1.5188386359387334,2
1.045569350933085,-2.609534422888805,0.08986454943630166,0.8440792791039394,-0.022590875248488167,1,0,0,1,1.5750919187512786,2
1.0856602447821142,-0.18154939491486843,0.08986454943630166,1.399070252266399,-0.022457246938654134,1,0,0,1,1.6313452015638243,2
1.1265863655863313,-0.10936941971113298,0.08986454943630166,0.2890883059414825,-0.02265784805142817,1,0,0,1,1.5188386359387334,2
1.0038080031736796,-2.7290047266742974,0.08986454943630166,-0.8208936403834363,-0.022708236772760453,1,0,0,1,1.4063320703136417,1
1.695375922069432,-1.2953610812483758,-0.5409596209507159,-0.5433981538022078,-0.02270126369682387,1,1,0,1,1.8000762317102819,2
1.684517971651987,-1.4459434433113427,0.08986454943630166,-0.5433981538022078,-0.02270126369682387,1,1,0,1,1.4344587117199146,1
1.67867138296567,-1.4334986200003528,0.08986454943630166,-0.2659026672209769,-0.022691413965261937,1,1,0,1,1.4625853531261874,1
0.8200580730322962,-2.3096141810939725,-1.0666464296065639,-0.2659026672209769,-0.022691413965261937,1,0,0,1,7.50201421262261,3
0.6388138237564769,0.61616377931952,3.208939614127666,-0.5433981538022078,-0.02270126369682387,0,0,0,1,1.0580294803504602,1
-0.36846988420038007,-2.9206550056635274,14.598820468337706,1.399070252266399,-0.022457246938654134,0,1,0,1,0.9497262588685401,1
-0.06194159164634485,-1.4957227365552972,-1.0666464296065639,0.566583792522711,-0.022630087736116487,1,0,0,1,7.934822724889299,3
1.4798873676309006,-0.48022515437860286,-0.4358222592195463,-0.5433981538022078,-0.02270126369682387,1,1,0,2,1.7024218235462036,2
-0.8103049434948886,0.48673761688523465,0.08986454943630166,-0.8208936403834363,-0.022708236772760453,1,1,0,2,1.4063320703136417,1
0.8517966973294442,-0.396844838194977,0.08986454943630166,-0.8208936403834363,-0.022708236772760453,1,0,0,2,1.4063320703136417,1
0.8618194207917015,-0.37568863856629564,0.08986454943630166,-0.5433981538022078,-0.02270126369682387,1,1,0,0,1.4344587117199146,1
0.41079686499012363,0.2913538909027097,0.8258260815544888,1.6765657388476298,-0.022346731132830054,1,0,0,0,1.465710440550968,1
1.4798873676309006,-0.37319967390409836,0.08986454943630166,2.5090521985913177,-0.02165863952449058,1,0,0,0,1.743851767188916,2
1.0205125422774417,-0.08199080842695752,0.08986454943630166,0.01159281936025158,-0.022677500849626255,1,0,0,0,1.4907119945324603,1
-1.079248023065459,0.7630126943891883,0.08986454943630166,1.6765657388476298,-0.022346731132830054,1,0,0,0,1.6594718429700974,2
1.086495471737302,0.823992328613035,0.08986454943630166,-0.2659026672209769,-0.022691413965261937,1,0,0,0,1.4625853531261874,1
0.795001264376653,-2.31085866342507,0.5805055708484265,-0.8208936403834363,-0.022708236772760453,1,1,0,0,1.2847458559243767,1
1.0280295848741348,-2.7327381736675944,0.08986454943630166,-0.8208936403834363,-0.022708236772760453,1,1,0,0,1.4063320703136417,1
1.4706998711238313,-2.07565150284738,0.08986454943630166,-0.8208936403834363,-0.022708236772760453,1,1,0,1,1.4063320703136417,1
1.6594611629963434,-1.4758110192577154,0.08986454943630166,-0.2659026672209769,-0.022691413965261937,1,1,0,1,1.4625853531261874,1
0.5444331778202208,-1.2717159169574972,0.19500191116747126,1.399070252266399,-0.022457246938654134,1,1,0,1,1.5944639509064626,2
1.0873306986924904,0.8264812932752323,0.08986454943630166,-0.2659026672209769,-0.022691413965261937,1,0,0,1,1.4625853531261874,1
0.6279558733390316,0.23535218600325924,0.15995612392374806,0.8440792791039394,-0.022590875248488167,1,0,0,1,1.5508522030896013,2
-0.4244300901979832,0.3660228307686424,1.456650251941506,-0.8208936403834363,-0.022708236772760453,0,1,0,1,1.1616924678705869,1
1.6886941064279273,-1.6749281922335373,-0.3657306847320999,-0.2659026672209769,-0.022691413965261937,1,1,0,1,1.682280356373097,2
1.013830726635937,-2.6842033627547375,0.08986454943630166,0.2890883059414825,-0.02265784805142817,1,0,0,0,1.5188386359387334,2
1.0422284431123325,-2.742694032316387,0.08986454943630166,-0.5433981538022078,-0.02270126369682387,1,1,0,2,1.4344587117199146,1
1.6469327586685218,0.9260398797631432,0.08986454943630166,-0.8208936403834363,-0.022708236772760453,1,0,0,2,1.4063320703136417,1
1.0489102587538373,-1.2231811060446405,0.08986454943630166,0.8440792791039394,-0.022590875248488167,1,0,0,2,1.5750919187512786,2
-0.5580664030280803,0.2913538909027097,0.08986454943630166,-0.5433981538022078,-0.02270126369682387,1,0,0,2,1.4344587117199146,1
1.1207397769000145,1.150046699360943,-0.7161885571693318,-0.2659026672209769,-0.022691413965261937,1,0,0,2,2.0926339427855924,2
1.5383532544940681,-1.6251488989895826,-1.0666464296065639,1.9540612254288583,-0.022190623407829305,1,0,0,0,8.656170245333781,3
1.0038080031736796,-1.0850435672926637,0.08986454943630166,-0.8208936403834363,-0.022708236772760453,1,0,0,0,1.4063320703136417,1
-1.1928388889710415,0.7269227067873214,0.08986454943630166,-0.2659026672209769,-0.022691413965261937,1,0,0,0,1.4625853531261874,1
0.8451148816879391,-0.23132868815882476,0.08986454943630166,-0.8208936403834363,-0.022708236772760453,1,1,0,0,1.4063320703136417,1
0.9620466554142743,1.1002674061169886,0.08986454943630166,-0.8208936403834363,-0.022708236772760453,1,0,0,0,1.4063320703136417,1
1.0706261595887283,-0.2811079814027811,-1.0666464296065639,-0.5433981538022078,-0.02270126369682387,1,0,0,0,7.357744708533713,3
1.0706261595887283,-0.2811079814027811,-1.0666464296065639,-0.5433981538022078,-0.02270126369682387,1,0,0,0,7.357744708533713,3
-0.9673276110702527,0.6024744736774323,-1.0666464296065639,-0.8208936403834363,-0.022708236772760453,1,1,0,0,7.213475204444817,3
1.053921620484966,-0.26866315809179114,-1.0666464296065639,-0.8208936403834363,-0.022708236772760453,1,0,0,0,7.213475204444817,3
1.0706261595887283,-0.26866315809179114,-1.0666464296065639,0.8440792791039394,-0.022590875248488167,1,0,0,0,8.079092228978196,3
-0.7518390566317211,0.48051520522974056,-1.0666464296065639,-0.8208936403834363,-0.022708236772760453,1,0,0,1,7.213475204444817,3
0.9202853076548689,0.22912977434776513,-1.0666464296065639,-0.5433981538022078,-0.02270126369682387,1,1,0,1,7.357744708533713,3
0.8785239598954636,-0.3433320979577256,0.08986454943630166,-0.2659026672209769,-0.022691413965261937,1,1,0,1,1.4625853531261874,1
-0.8587481068957987,0.5153607105005096,0.08986454943630166,-0.2659026672209769,-0.022691413965261937,1,0,0,1,1.4625853531261874,1
1.1875579333150632,-2.0980521848071607,0.08986454943630166,0.8440792791039394,-0.022590875248488167,1,0,0,1,1.5750919187512786,2
1.1123875073481335,-1.4135869027027708,0.08986454943630166,-0.8208936403834363,-0.022708236772760453,1,0,0,0,1.4063320703136417,1
1.5383532544940681,-1.4758110192577154,0.08986454943630166,0.01159281936025158,-0.022677500849626255,1,0,0,0,1.4907119945324603,1
0.9536943858623931,-2.9069657000214395,0.08986454943630166,0.01159281936025158,-0.022677500849626255,1,1,0,0,1.4907119945324603,1
1.1374443160037766,0.14201601117084245,0.08986454943630166,-0.5433981538022078,-0.02270126369682387,1,0,0,2,1.4344587117199146,1
1.2209670115225872,0.03001260137194157,0.08986454943630166,-0.8208936403834363,-0.022708236772760453,1,0,0,2,1.4063320703136417,1
0.8952284989992257,-0.41800103782365833,0.08986454943630166,-0.2659026672209769,-0.022691413965261937,1,0,0,2,1.4625853531261874,1
1.671989567324165,-1.5629247824346382,0.08986454943630166,0.2890883059414825,-0.02265784805142817,1,0,0,2,1.5188386359387334,2
-0.19056654274531323,-0.24377351146981296,0.08986454943630166,-0.8208936403834363,-0.022708236772760453,1,0,0,2,1.4063320703136417,1
-1.2930661235936143,0.5900296503664424,0.08986454943630166,2.2315567120100868,-0.021970115385260103,1,0,0,0,1.715725125782643,2
1.2961374374895167,0.21668495103677518,0.08986454943630166,-0.5433981538022078,-0.02270126369682387,1,1,0,0,1.4344587117199146,1
-0.7000549854100584,0.41580212401259875,0.08986454943630166,-0.5433981538022078,-0.02270126369682387,1,0,0,0,1.4344587117199146,1
0.6697172210984369,0.6149192969884205,0.08986454943630166,-0.2659026672209769,-0.022691413965261937,1,0,0,1,1.4625853531261874,1
0.6446604124427936,0.6149192969884205,0.08986454943630166,3.0640431717537773,-0.020597192129894016,1,0,0,1,1.8001050500014617,2
0.8618194207917015,0.24157459765875333,0.08986454943630166,-0.2659026672209769,-0.022691413965261937,1,0,0,2,1.4625853531261874,1
0.8868762294473445,-3.168306989552206,0.9309634432856584,-0.2659026672209769,-0.022691413965261937,1,0,0,2,1.275279521411118,1
1.5968191413572352,-1.4260317260137592,5.942511019138076,-0.8208936403834363,-0.022708236772760453,0,0,0,2,0.9419268742697123,1
0.9703989249661552,0.5278055338114979,-0.7161885571693318,-0.8208936403834363,-0.022708236772760453,1,1,0,2,2.012148021909223,2
0.686421760202199,0.7891468233422659,0.08986454943630166,0.8440792791039394,-0.022590875248488167,1,0,0,0,1.5750919187512786,2
-0.5914754812356046,0.4282469473235869,0.08986454943630166,-0.8208936403834363,-0.022708236772760453,1,0,0,0,1.4063320703136417,1
-1.1928388889710415,0.7269227067873214,0.5454597836047033,0.8440792791039394,-0.022590875248488167,1,0,0,0,1.446579494121041,1
1.7638645323948567,-0.019766691872012992,0.08986454943630166,-0.5433981538022078,-0.02270126369682387,1,0,0,0,1.4344587117199146,1
-1.2930661235936143,0.5651400037444659,0.08986454943630166,-0.8208936403834363,-0.022708236772760453,1,1,0,0,1.4063320703136417,1
-0.5664186725799614,0.5029158871895214,0.08986454943630166,0.566583792522711,-0.022630087736116487,1,0,0,0,1.546965277345006,2
-0.5580664030280803,0.49047106387853145,0.08986454943630166,0.01159281936025158,-0.022677500849626255,1,1,0,0,1.4907119945324603,1
0.6196036037871504,0.6024744736774323,3.384168550346282,1.9540612254288583,-0.022190623407829305,0,1,0,0,1.234615557303202,1
1.2710806288338738,0.41580212401259875,0.08986454943630166,1.399070252266399,-0.022457246938654134,1,1,0,1,1.6313452015638243,2
0.9536943858623931,-2.5211761773807844,0.08986454943630166,1.399070252266399,-0.022457246938654134,1,1,0,1,1.6313452015638243,2
-0.9673276110702527,-3.5914309821258295,-0.7161885571693318,0.01159281936025158,-0.022677500849626255,1,0,0,1,2.1328769032237767,2
-0.9589753415183715,-3.6038758054368185,-0.7161885571693318,0.2890883059414825,-0.02265784805142817,1,1,0,1,2.1731198636619613,2
-0.9923844197258958,-3.5665413355038513,-0.7161885571693318,0.01159281936025158,-0.022677500849626255,1,1,0,1,2.1328769032237767,2
-0.8086344895845123,0.49047106387853145,-0.19050174851348392,1.1215747656851704,-0.022535486137495106,1,1,0,1,1.729454530590991,2
0.6279558733390316,0.5153607105005096,1.596833400916399,-0.8208936403834363,-0.022708236772760453,0,0,0,1,1.1476553056218832,1
0.6446604124427936,0.6398089436103986,5.346732635994781,-0.8208936403834363,-0.022708236772760453,0,1,0,1,0.9577891177417933,1
0.6112513342352695,0.552695180433476,2.0874744223285235,-0.5433981538022078,-0.02270126369682387,0,0,0,1,1.1278722817527893,1
0.7448876470653664,0.8015916466532541,0.08986454943630166,0.8440792791039394,-0.022590875248488167,1,0,0,1,1.5750919187512786,2
-1.0424980370371821,0.6024744736774323,2.367840720278309,-0.8208936403834363,-0.022708236772760453,0,0,0,2,1.0857362047581294,1
0.6613649515465557,0.8513709398972105,-0.7161885571693318,1.9540612254288583,-0.022190623407829305,1,0,0,2,2.414577626291068,2
-1.0424980370371821,0.7518123534092995,4.996274763557549,0.2890883059414825,-0.02265784805142817,0,0,0,2,1.0455418728412094,1
0.8284103425841771,0.20424012772578698,0.08986454943630166,-0.5433981538022078,-0.02270126369682387,1,1,0,2,1.4344587117199146,1
0.06000154381111882,-1.7247074854774935,-0.9615090678753943,-0.8208936403834363,-0.022708236772760453,1,0,0,0,3.1066746727980594,0
1.7638645323948567,1.025598466251054,-0.7862801316567782,1.6765657388476298,-0.022346731132830054,1,0,0,0,2.5623374432291857,0
0.9536943858623931,-1.0153525567511255,0.23004769841119443,-0.5433981538022078,-0.02270126369682387,1,1,0,0,1.3920879440879266,1
0.9536943858623931,-1.0153525567511255,0.08986454943630166,-0.8208936403834363,-0.022708236772760453,1,0,0,0,1.4063320703136417,1
1.7471599932910948,-0.20643904153684658,-0.6811427699256086,-0.8208936403834363,-0.022708236772760453,1,0,0,0,1.9493562262564004,2
1.7388077237392137,-0.21888386484783656,-0.5760054081944391,0.8440792791039394,-0.022590875248488167,1,1,0,0,2.019773057244549,2
1.7388077237392137,-0.21888386484783656,-0.5760054081944391,1.399070252266399,-0.022457246938654134,1,0,0,0,2.091907809288997,2
1.7388077237392137,-0.21888386484783656,-0.5760054081944391,2.5090521985913177,-0.02165863952449058,1,0,0,0,2.2361773133778935,2
-0.45783916840550737,0.2664642442807315,-0.2605933230009303,0.2890883059414825,-0.02265784805142817,1,1,0,0,1.677604323310952,2
0.06000154381111882,-1.7371523087884817,-0.7161885571693318,-0.8208936403834363,-0.022708236772760453,1,1,0,0,2.012148021909223,2
0.11846743067428625,-1.7097736975043063,-0.6460969826818854,2.7865476851725464,-0.021218668176909945,1,1,0,0,2.3872160446466926,2
1.3462510548008033,-1.8242660719654045,-1.0666464296065639,-0.8208936403834363,-0.022708236772760453,1,0,0,0,7.213475204444817,3
1.655285028220403,0.5278055338114979,-0.47086804646326946,-0.5433981538022078,-0.02270126369682387,1,1,0,0,1.732078686665054,2
1.6636372977722842,0.5153607105005096,-0.47086804646326946,-0.8208936403834363,-0.022708236772760453,1,1,0,0,1.698116359475543,2
1.655285028220403,0.5278055338114979,-0.4358222592195463,-0.5433981538022078,-0.02270126369682387,1,1,0,0,1.7024218235462036,2
1.0873306986924904,0.552695180433476,-0.7161885571693318,-0.5433981538022078,-0.02270126369682387,1,1,0,0,2.052390982347408,2
-0.900509454655204,0.5278055338114979,3.594443273808621,1.399070252266399,-0.022457246938654134,0,1,0,0,1.1824006323752574,1
-0.8921571851033231,0.39091247739062057,0.7557345070670424,-0.8208936403834363,-0.022708236772760453,1,1,0,0,1.2534519921949843,1
0.2771605521600267,-2.371838297648917,-0.19050174851348392,-0.8208936403834363,-0.022708236772760453,1,1,0,0,1.5170653777113956,2
-0.900509454655204,0.6398089436103986,7.975166679274021,-0.8208936403834363,-0.022708236772760453,0,0,0,0,0.8991703412962464,1
0.8952284989992257,1.150046699360943,0.019772974948855264,0.01159281936025158,-0.022677500849626255,1,0,0,0,1.5157982377641739,2
1.530000984942187,-1.4882558425687036,0.08986454943630166,-0.5433981538022078,-0.02270126369682387,1,0,0,1,1.4344587117199146,1
0.9620466554142743,0.7144778834763315,0.08986454943630166,-0.8208936403834363,-0.022708236772760453,1,0,0,1,1.4063320703136417,1
1.045569350933085,0.9633743496961096,-0.7161885571693318,-0.5433981538022078,-0.02270126369682387,1,1,0,1,2.052390982347408,2
1.312841976593279,0.7144778834763315,0.08986454943630166,-0.8208936403834363,-0.022708236772760453,1,0,0,1,1.4063320703136417,1
-0.4411346293017453,0.5775848270554541,-0.22554753575720712,-0.5433981538022078,-0.02270126369682387,1,0,0,1,1.5653311497936877,2
1.5383532544940681,-1.5753696057456263,0.40527663462981045,-0.8208936403834363,-0.022708236772760453,1,0,0,1,1.3212868496822272,1
0.49431956050893433,0.5153607105005096,2.613161230984372,0.01159281936025158,-0.022677500849626255,0,1,0,1,1.1342165929367527,1
0.9871034640699176,-0.380666567890692,-0.3657306847320999,-0.5433981538022078,-0.02270126369682387,1,0,0,0,1.6499288110582295,2
0.6196036037871504,0.5900296503664424,2.9636191034216037,-0.8208936403834363,-0.022708236772760453,0,0,0,0,1.0499406507318898,1
0.9787511945180364,-0.368221744579702,-0.3306848974883767,-0.8208936403834363,-0.022708236772760453,1,1,0,0,1.594644944519005,2
0.9871034640699176,-0.380666567890692,-0.6460969826818854,1.399070252266399,-0.022457246938654134,1,0,0,0,2.197754453801717,2
-0.4327823597498643,0.5900296503664424,-0.19050174851348392,0.2890883059414825,-0.02265784805142817,1,1,0,0,1.6384306079283073,2
1.621875950012879,-2.023383244941228,-0.08536438678231432,-0.8208936403834363,-0.022708236772760453,1,0,0,2,1.4700705189760301,1
1.7555122628429756,-0.10688045504893569,-0.5409596209507159,-0.5433981538022078,-0.02270126369682387,1,0,0,2,1.8000762317102819,2
0.7198308384097232,-0.3557769212687138,-0.015272812294867932,-0.8208936403834363,-0.022708236772760453,1,0,0,2,1.4426950408889634,1
1.4464782894233763,-0.2811079814027811,0.08986454943630166,-0.5433981538022078,-0.02270126369682387,1,1,0,2,1.4344587117199146,1
1.655285028220403,0.7642571767202878,-0.3306848974883767,-0.8208936403834363,-0.022708236772760453,1,1,0,2,1.594644944519005,2
-0.6666459072025341,0.39091247739062057,1.246375528479167,1.9540612254288583,-0.022190623407829305,1,0,0,2,1.4219668310214832,1
-0.4745437075092696,0.40335730070160875,4.155175869708192,0.01159281936025158,-0.022677500849626255,0,0,0,0,1.0563492913252677,1
1.0706261595887283,0.21668495103677518,0.08986454943630166,-0.8208936403834363,-0.022708236772760453,1,1,0,0,1.4063320703136417,1
0.31056963036755086,-0.04465633849399116,-0.05031859953859113,0.01159281936025158,-0.022677500849626255,1,1,0,0,1.543395383965801,2
-0.46619143795738854,0.2664642442807315,-0.19050174851348392,-0.5433981538022078,-0.02270126369682387,1,0,0,0,1.5474066852656234,2
1.4882396371827817,-1.1522456131720045,0.08986454943630166,-0.8208936403834363,-0.022708236772760453,1,0,0,1,1.4063320703136417,1
0.561137716923983,0.689588236854355,-0.47086804646326946,1.399070252266399,-0.022457246938654134,1,0,0,1,1.96981497699163,2
0.9787511945180364,-1.052687026684092,0.8959176560419352,-0.2659026672209769,-0.022691413965261937,1,1,0,1,1.2806484382353711,1
0.8534671512398203,-3.0189691098203406,-0.19050174851348392,1.6765657388476298,-0.022346731132830054,1,0,0,1,1.790137145699447,2
0.5861945255796263,0.5651400037444659,2.998664890665327,0.8440792791039394,-0.022590875248488167,0,0,0,1,1.1738357155870938,1
0.9787511945180364,-2.645624410490673,0.08986454943630166,0.01159281936025158,-0.022677500849626255,1,1,0,1,1.4907119945324603,1
1.5383532544940681,-1.2020249064159592,-0.4358222592195463,0.566583792522711,-0.022630087736116487,1,0,0,1,1.8359451038243373,2
0.6363081428909124,0.6024744736774323,2.648207018228095,0.01159281936025158,-0.022677500849626255,0,1,0,0,1.1319631473155607,1
0.6613649515465557,0.22912977434776513,0.08986454943630166,-0.8208936403834363,-0.022708236772760453,1,0,0,2,1.4063320703136417,1
1.0288648118293229,0.6398089436103986,-0.5409596209507159,0.8440792791039394,-0.022590875248488167,1,0,0,2,1.9765542936426623,2
1.5216487153903058,-1.9736039516972717,0.5805055708484265,0.2890883059414825,-0.02265784805142817,1,0,0,2,1.387525524398327,1
1.4464782894233763,0.3535780074576542,0.08986454943630166,-0.2659026672209769,-0.022691413965261937,1,0,0,2,1.4625853531261874,1
0.8451148816879391,-3.031413933131329,-0.12041017402603753,-0.2659026672209769,-0.022691413965261937,1,0,0,2,1.5442658627415244,2
-0.6666459072025341,-0.41800103782365833,-0.2956391102446535,1.1215747656851704,-0.022535486137495106,1,0,0,2,1.7935504885315117,2
1.3880124025602085,-0.18279387724596796,0.05481876219257846,-0.2659026672209769,-0.022691413965261937,1,0,0,2,1.4746081586669337,1
0.6187683768319624,0.34362214880886327,0.30013927289864084,0.01159281936025158,-0.022677500849626255,1,0,0,2,1.4271972927412724,1
1.390518083425773,-0.18901628890146205,0.019772974948855264,-0.5433981538022078,-0.02270126369682387,1,0,0,2,1.458598304263639,1
1.02134776923263,-1.0887770142859605,-0.9615090678753943,0.8440792791039394,-0.022590875248488167,1,0,0,2,3.479475633533826,0
0.561137716923983,0.43198039431688373,0.7557345070670424,-0.5433981538022078,-0.02270126369682387,1,0,0,2,1.278521032038884,1
0.7599217322587523,-2.451485166839246,-0.2956391102446535,0.566583792522711,-0.022630087736116487,1,0,0,0,1.7306188924426866,2
1.671989567324165,-1.9487143050752935,0.08986454943630166,-0.2659026672209769,-0.022691413965261937,1,1,0,0,1.4625853531261874,1
1.124915911675955,-1.4310096553381555,-0.6110511954381623,4.174025118078694,-0.014253627954591465,1,1,0,0,2.5110317368682145,0
-0.9230605824452829,0.5551841450956733,0.33518506014236404,-0.8208936403834363,-0.022708236772760453,1,1,0,0,1.3377319320952699,1
1.681177063831234,0.6248751556372114,-0.7161885571693318,0.01159281936025158,-0.022677500849626255,1,0,0,0,2.1328769032237767,2
-0.8687708303580561,0.5215831221560038,-0.8914174933879478,0.8440792791039394,-0.022590875248488167,1,1,0,0,2.8778307172706037,0
-0.8654299225373036,0.5103827811761132,-0.5409596209507159,0.01159281936025158,-0.022677500849626255,1,1,0,0,1.870667456483234,2
-0.9698332919358169,0.4655814172565533,0.30013927289864084,-0.2659026672209769,-0.022691413965261937,1,0,0,0,1.4002690419348334,1
0.8075296687044744,-3.042614274111219,0.6155513580921496,0.2890883059414825,-0.02265784805142817,1,0,0,0,1.38035998063079,1
-1.1210093708248643,0.6286086026305082,-0.12041017402603753,1.6765657388476298,-0.022346731132830054,1,0,0,0,1.7521478058028837,2
-1.1251855056008049,0.6970551308409468,1.0711465922605512,1.399070252266399,-0.022457246938654134,1,0,0,0,1.3999062021937954,1
-0.7309583827520184,0.5215831221560038,-0.5059138337069927,-0.8208936403834363,-0.022708236772760453,1,0,0,0,1.7298812813059679,2
-0.7568504183628496,0.4668258995876528,-0.12041017402603753,0.2890883059414825,-0.02265784805142817,1,0,0,0,1.6036607036161985,2
-0.39185623894564703,0.4456696999589715,4.856091614582656,-0.8208936403834363,-0.022708236772760453,0,0,0,0,0.9724479139978931,1
0.7774614983177026,0.3523335251265547,0.5454597836047033,0.2890883059414825,-0.02265784805142817,1,0,0,1,1.3949159407595755,1
-1.017441228381539,0.5029158871895214,0.6155513580921496,-0.8208936403834363,-0.022708236772760453,1,1,0,1,1.2781110931766573,1
0.5828536177588739,0.41331315935040147,0.4753682091172568,-0.8208936403834363,-0.022708236772760453,1,0,0,1,1.3059462828211212,1
0.7114785688578422,0.5402503571224878,0.08986454943630166,-0.8208936403834363,-0.022708236772760453,1,0,0,0,1.4063320703136417,1
-0.8361969791057199,0.3846900657351265,0.8258260815544888,-0.2659026672209769,-0.022691413965261937,1,0,0,0,1.2918125916720395,1
-1.2162252437163084,0.7256782244562219,1.0361008050168279,-0.2659026672209769,-0.022691413965261937,1,0,0,2,1.2599541267283418,1
0.6872569871573873,0.10094809424457926,-0.19050174851348392,-0.8208936403834363,-0.022708236772760453,1,1,0,2,1.5170653777113956,2
0.6212740576975265,0.6049634383396296,3.0687564651527732,0.2890883059414825,-0.02265784805142817,0,0,0,2,1.1279392822225571,1
0.5586320360584185,0.7518123534092995,0.44032242187353365,-0.2659026672209769,-0.022691413965261937,1,1,0,2,1.366026017272088,1
-0.7518390566317211,0.5402503571224878,-0.5059138337069927,0.8440792791039394,-0.022590875248488167,1,0,0,2,1.937467035062684,2
1.3387340122041107,-1.8167991779788109,0.7206887198233192,0.01159281936025158,-0.022677500849626255,1,0,0,2,1.3349144383840081,1
0.8551376051501965,-3.011502215833747,0.15995612392374806,0.2890883059414825,-0.02265784805142817,1,1,0,0,1.49546462440783,1
-0.4252653171531713,0.42326901799919237,0.08986454943630166,0.01159281936025158,-0.022677500849626255,1,0,0,0,1.4907119945324603,1
1.060603436126471,-1.3003390105727723,-0.4007764719758231,-0.5433981538022078,-0.02270126369682387,1,1,0,0,1.6751395676405603,2
-1.0834241578413997,0.7518123534092995,0.08986454943630166,-0.8208936403834363,-0.022708236772760453,1,0,0,0,1.4063320703136417,1
0.8576432860157609,-3.0152356628270436,-1.0316006423628405,0.8440792791039394,-0.022590875248488167,1,1,0,0,5.097339669110289,3
0.7766262713625144,0.2876204439094129,0.9309634432856584,-0.2659026672209769,-0.022691413965261937,1,0,0,0,1.275279521411118,1
-0.8119753974052648,0.4531365939455651,0.26509348565491764,0.566583792522711,-0.022630087736116487,1,1,0,0,1.4909676687499924,1
0.8868762294473445,-2.9691898165763844,-0.3306848974883767,-0.2659026672209769,-0.022691413965261937,1,0,0,0,1.6584307422997653,2
-1.1201741438696762,0.6261196379683109,0.23004769841119443,-0.2659026672209769,-0.022691413965261937,1,1,0,0,1.4193837861288665,1
0.8459501086431274,-3.0799487440441853,-0.5409596209507159,0.01159281936025158,-0.022677500849626255,1,1,0,1,1.870667456483234,2
0.8492910164638797,-3.0637704737399005,-0.5409596209507159,1.6765657388476298,-0.022346731132830054,1,0,0,1,2.082441130802091,2
1.2669044940579335,0.3050431965447974,-0.47086804646326946,0.566583792522711,-0.022630087736116487,1,0,0,1,1.8679279954230974,2
-1.0316400866197368,0.520338639824906,1.3164671029666135,-0.8208936403834363,-0.022708236772760453,1,1,0,1,1.1768872777619341,1
-0.8311856173745912,0.48673761688523465,-0.15545596126976072,0.01159281936025158,-0.022677500849626255,1,1,0,1,1.5905386310521894,2
1.060603436126471,1.1226680880767677,-0.08536438678231432,-0.5433981538022078,-0.02270126369682387,1,1,0,1,1.4994719293555507,1
-0.9264014902660352,0.552695180433476,3.559397486564898,-0.8208936403834363,-0.022708236772760453,0,1,0,2,1.0208582159118624,1
-1.1159980090937356,0.7182113304696283,0.7907802943107656,1.9540612254288583,-0.022190623407829305,1,1,0,2,1.497255087775271,1
1.7137509150835701,0.20050668073249014,-0.6460969826818854,2.2315567120100868,-0.021970115385260103,1,0,0,2,2.311431408308702,2
1.5425293892700085,-1.1970469770915646,-0.7161885571693318,-0.2659026672209769,-0.022691413965261937,1,1,0,2,2.0926339427855924,2
-0.4653562110022003,0.5925186150286414,0.19500191116747126,0.01159281936025158,-0.022677500849626255,1,0,0,2,1.4570101620352158,1
0.5995581568626359,0.5315389808047947,1.9823370605973543,0.01159281936025158,-0.022677500849626255,0,0,0,2,1.18075949206736,1
0.6229445116079028,0.609941367664026,3.1738938268839427,2.2315567120100868,-0.021970115385260103,0,1,0,2,1.2676156085312567,1
-0.4745437075092696,0.6398089436103986,0.08986454943630166,-0.5433981538022078,-0.02270126369682387,1,1,0,2,1.4344587117199146,1
0.9077569033270472,-0.27986349907168157,0.15995612392374806,1.1215747656851704,-0.022535486137495106,1,0,0,2,1.5785459924304872,2
-1.172793442046527,0.7480789064160027,0.7206887198233192,-0.5433981538022078,-0.02270126369682387,1,1,0,2,1.2845403086336682,1
-1.1702877611809626,0.7592792473958914,-0.08536438678231432,0.8440792791039394,-0.022590875248488167,1,0,0,2,1.6464789812531537,2
1.7538418089325996,-1.8491557185873826,2.9285733161778804,-0.5433981538022078,-0.02270126369682387,0,1,0,2,1.0728733010139881,1
-1.0491798526786873,0.5190941574938065,0.9660092305293816,0.01159281936025158,-0.022677500849626255,1,1,0,0,1.294468484382653,1
1.592643006581295,-0.9556174048583782,-0.7161885571693318,-0.5433981538022078,-0.02270126369682387,1,1,0,0,2.052390982347408,2
0.6037342916385765,0.5215831221560038,1.7370165498912917,-0.5433981538022078,-0.02270126369682387,0,1,0,0,1.1573235583742132,1
1.0622738900368471,1.1537801463542399,-0.8213259189005014,-0.8208936403834363,-0.022708236772760453,1,0,0,0,2.275598066567093,2
-1.2103786550299918,0.7207002951318273,0.37023084738608725,-0.5433981538022078,-0.02270126369682387,1,0,0,0,1.3559501869417452,1
-1.0424980370371821,0.7144778834763315,0.33518506014236404,-0.8208936403834363,-0.022708236772760453,1,1,0,0,1.3377319320952699,1
1.078978429140609,1.1326239467255586,-0.19050174851348392,0.566583792522711,-0.022630087736116487,1,0,0,0,1.6687719154825351,2
-0.9673276110702527,0.6597206609079805,2.1926117840596935,1.1215747656851704,-0.022535486137495106,0,0,0,0,1.25168074053856,1
0.46007525534622196,0.520338639824906,2.297749145790863,0.2890883059414825,-0.02265784805142817,0,1,0,0,1.1777618980114881,1
0.3798934676481636,-0.07203494977816662,-0.8563717061442246,1.1215747656851704,-0.022535486137495106,1,1,0,1,2.741120577689031,0
-0.5747709421318423,0.3013097495515006,0.08986454943630166,-0.8208936403834363,-0.022708236772760453,1,0,0,1,1.4063320703136417,1
0.843444427777563,-0.31097555734915383,-0.926463280631671,-0.8208936403834363,-0.022708236772760453,1,1,0,1,2.7905531327562363,0
1.0706261595887283,1.1413353230432517,-0.3657306847320999,-0.8208936403834363,-0.022708236772760453,1,0,0,1,1.6175772657433625,2
-0.8612537877613632,0.5253165691493006,0.05481876219257846,-0.8208936403834363,-0.022708236772760453,1,1,0,1,1.417892460256667,1
1.0706261595887283,1.143824287705449,0.37023084738608725,0.01159281936025158,-0.022677500849626255,1,1,0,1,1.4091247040767156,1
1.0956829682443712,1.1413353230432517,-1.0666464296065639,1.399070252266399,-0.022457246938654134,1,1,0,1,8.367631237155988,3
1.1207397769000145,1.1363573937188554,-0.19050174851348392,1.9540612254288583,-0.022190623407829305,1,0,0,1,1.8204784532536749,2
1.0706261595887283,1.1363573937188554,-0.751234344413055,-0.5433981538022078,-0.02270126369682387,1,1,0,1,2.126865196263656,2
1.0706261595887283,1.1002674061169886,0.15995612392374806,-0.8208936403834363,-0.022708236772760453,1,0,0,1,1.3846894670442869,1
1.0706261595887283,1.1288904997322635,-0.7862801316567782,2.2315567120100868,-0.021970115385260103,1,0,0,1,2.6491963396098357,0
1.0597682091712826,1.1040008531102854,-0.3306848974883767,1.9540612254288583,-0.022190623407829305,1,1,0,1,1.913573933422806,2
0.5945467951315071,0.2577528679630401,-0.7161885571693318,-0.8208936403834363,-0.022708236772760453,1,0,0,1,2.012148021909223,2
0.6571888167706151,0.5352724277980915,0.9660092305293816,0.01159281936025158,-0.022677500849626255,1,1,0,1,1.294468484382653,1
0.8058592147940983,0.30006526722040106,1.0010550177731048,-0.5433981538022078,-0.02270126369682387,1,1,0,0,1.2406121346721495,1
-0.8086344895845123,0.5029158871895214,0.019772974948855264,-0.2659026672209769,-0.022691413965261937,1,0,0,2,1.4871982710139067,1
-0.8011174469878193,0.47180382891204914,0.15995612392374806,-0.2659026672209769,-0.022691413965261937,1,0,0,2,1.4400770457260585,1
0.7448876470653664,0.8140364699642441,-0.3657306847320999,-0.5433981538022078,-0.02270126369682387,1,0,0,2,1.6499288110582295,2
-0.9213901285349068,0.23286322134106194,-1.0316006423628405,0.01159281936025158,-0.022677500849626255,1,1,0,2,4.824267901122238,3
1.0781432021854211,-0.052123232480584786,-0.4007764719758231,0.2890883059414825,-0.02265784805142817,1,1,0,2,1.773677189266476,2
0.4984956952848749,0.5452282864468824,3.2439854013713894,-0.5433981538022078,-0.02270126369682387,0,1,0,2,1.05626938875134,1
-1.0366514483508653,0.6149192969884205,1.7019707626475686,-0.2659026672209769,-0.022691413965261937,0,0,0,2,1.1833109946148885,1
1.4230919346781092,0.19428426907699606,-0.19050174851348392,-0.2659026672209769,-0.022691413965261937,1,1,0,0,1.5777479928198515,2
1.4255976155436736,0.18557289275930292,-0.8914174933879478,1.399070252266399,-0.022457246938654134,1,0,0,0,2.980610385744554,0
-0.6232141055327526,0.3212214668490824,2.122520209572247,-0.8208936403834363,-0.022708236772760453,0,1,0,0,1.1031197456454687,1
-0.9589753415183715,-3.6013868407746203,-0.7161885571693318,-0.5433981538022078,-0.02270126369682387,1,0,0,0,2.052390982347408,2
0.8275751156289891,-0.24750695846310977,-0.08536438678231432,-0.8208936403834363,-0.022708236772760453,1,1,0,0,1.4700705189760301,1
1.0580977552609065,0.8675492102014954,-0.2956391102446535,-0.8208936403834363,-0.022708236772760453,1,0,0,0,1.5732899022206244,2
0.7883194487351479,-0.4640468840743179,1.2113297412354438,3.0640431717537773,-0.020597192129894016,1,1,0,0,1.5221088862678902,2
0.6688819941432487,0.5937630973597392,2.122520209572247,-0.8208936403834363,-0.022708236772760453,0,1,0,0,1.1031197456454687,1
-1.1677820803153982,0.7468344240849032,0.5805055708484265,-0.5433981538022078,-0.02270126369682387,1,0,0,0,1.3104407730428642,1
0.6555183628602389,0.5962520620219383,2.437932294765756,5.284007064403612,0.011000555895950975,0,0,0,0,1.5567659077518252,2
-0.2791005999952526,0.3622893837753456,0.44032242187353365,-0.5433981538022078,-0.02270126369682387,1,1,0,0,1.3397562861707015,1
0.452558212749529,0.4854931345541369,1.8421539116224614,-0.2659026672209769,-0.022691413965261937,0,0,0,0,1.1704722472652485,1
1.0121602727255605,0.5502062157712787,-0.2605933230009303,-0.8208936403834363,-0.022708236772760453,1,1,0,1,1.5533373363990297,2
0.9954557336217985,0.5489617334401792,-0.3657306847320999,-0.5433981538022078,-0.02270126369682387,1,1,0,1,1.6499288110582295,2
-0.4261005441083594,0.3112656082002915,-0.2956391102446535,-0.2659026672209769,-0.022691413965261937,1,0,0,1,1.6362214983094492,2
-1.0500150796338752,0.5103827811761132,0.19500191116747126,1.399070252266399,-0.022457246938654134,1,0,0,1,1.5944639509064626,2
-0.46619143795738854,0.3946459243839174,3.6294890610523445,-0.8208936403834363,-0.022708236772760453,0,0,0,2,1.0177796153598242,1
0.6170979229215863,0.14948290515743606,0.08986454943630166,1.399070252266399,-0.022457246938654134,1,0,0,2,1.6313452015638243,2
1.0756375213198568,0.5614065567511691,0.19500191116747126,0.2890883059414825,-0.02265784805142817,1,0,0,2,1.4845009198094654,1
-1.157759356853141,0.7555458004025963,1.0361008050168279,0.01159281936025158,-0.022677500849626255,1,0,0,2,1.2841840137808098,1
-1.009088958829658,0.49669347553402554,0.8959176560419352,-0.2659026672209769,-0.022691413965261937,1,0,0,0,1.2806484382353711,1
-1.0424980370371821,0.6298530849616077,1.246375528479167,-0.8208936403834363,-0.022708236772760453,1,1,0,0,1.1849723591845693,1
1.091506833468431,0.5564286274267728,-0.926463280631671,-0.8208936403834363,-0.022708236772760453,1,0,0,0,2.7905531327562363,0
0.7816376330936432,0.37971213641073015,0.9660092305293816,-0.2659026672209769,-0.022691413965261937,1,1,0,0,1.270044550715056,1
0.5193763691645776,0.5041603695206192,1.947291273353631,-0.5433981538022078,-0.02270126369682387,0,0,0,0,1.1390699898895944,1
-1.094282108258845,0.5576731097578723,1.0010550177731048,0.566583792522711,-0.022630087736116487,1,1,0,1,1.3379150471954555,1
0.6638706324121201,0.47927072289864103,0.7907802943107656,1.1215747656851704,-0.022535486137495106,1,0,0,1,1.4223923333865076,1
-1.1176684630041118,0.8488819752350132,1.9122454861099079,-0.5433981538022078,-0.02270126369682387,0,0,0,1,1.1419849814412315,1
0.6196036037871504,0.5327834631358942,2.683252805471818,-0.8208936403834363,-0.022708236772760453,0,0,0,1,1.0657917778683677,1
0.4442059431976481,0.41580212401259875,0.6155513580921496,-0.5433981538022078,-0.02270126369682387,1,1,0,1,1.3036733150401905,1
0.5377513621787159,-3.1882187068497894,-0.7161885571693318,-0.2659026672209769,-0.022691413965261937,1,0,0,0,2.0926339427855924,2
1.7404781776495897,0.10592602356897383,0.5805055708484265,-0.5433981538022078,-0.02270126369682387,1,1,0,2,1.3104407730428642,1
1.7972736106023808,0.09970361191347973,-0.15545596126976072,1.1215747656851704,-0.022535486137495106,1,1,0,2,1.7105792824523547,2
-1.0825889308862113,0.597496544353036,0.7206887198233192,-0.2659026672209769,-0.022691413965261937,1,0,0,2,1.3097273735088382,1
0.8643251016572656,0.29010940857161016,-0.22554753575720712,-0.8208936403834363,-0.022708236772760453,1,0,0,2,1.5346383821506742,2
0.7674387748554452,0.3174880198557856,0.5454597836047033,-0.5433981538022078,-0.02270126369682387,1,1,0,2,1.3174206107173767,1
1.4640180554823266,-1.0850435672926637,-0.7161885571693318,-0.5433981538022078,-0.02270126369682387,1,1,0,2,2.052390982347408,2
1.6252168578336312,0.4108241946882024,-0.5409596209507159,0.01159281936025158,-0.022677500849626255,1,1,0,2,1.870667456483234,2
-0.8746174190443728,0.5937630973597392,6.53828940228137,1.6765657388476298,-0.022346731132830054,0,0,0,2,1.0948082148093614,1
1.2476942740886068,0.5166051928316091,-0.8914174933879478,-0.8208936403834363,-0.022708236772760453,1,1,0,0,2.5694917118487535,0
0.8751830520747113,-2.9355887936367147,0.08986454943630166,-0.8208936403834363,-0.022708236772760453,1,0,0,0,1.4063320703136417,1
1.279432898385755,0.30379871421369786,0.08986454943630166,-0.5433981538022078,-0.02270126369682387,1,0,0,0,1.4344587117199146,1
1.2819385792513194,0.41580212401259875,-0.5059138337069927,-0.5433981538022078,-0.02270126369682387,1,0,0,0,1.7644789069320872,2
1.2785976714305671,0.3274438785045765,-0.2956391102446535,-0.8208936403834363,-0.022708236772760453,1,0,0,0,1.5732899022206244,2
-0.24903242960848065,-2.6381575165040796,-0.7161885571693318,-0.8208936403834363,-0.022708236772760453,1,0,0,0,2.012148021909223,2
0.7991773991525936,0.7518123534092995,-0.6811427699256086,0.2890883059414825,-0.02265784805142817,1,0,0,0,2.1053047243569125,2
0.8726773712091468,-2.9430556876233083,-0.6460969826818854,0.01159281936025158,-0.022677500849626255,1,1,0,0,2.008292862956741,2
-1.1995207046125465,0.7219447774629251,0.40527663462981045,-0.8208936403834363,-0.022708236772760453,1,1,0,0,1.3212868496822272,1
0.6763990367399416,0.22166288036117152,0.5805055708484265,0.01159281936025158,-0.022677500849626255,1,0,0,0,1.3618306072798394,1
-1.0675548456928254,0.7567902827336941,0.4753682091172568,-0.5433981538022078,-0.02270126369682387,1,0,0,0,1.3320652084775435,1
1.443137381602624,0.15943876380622699,-0.19050174851348392,3.619034144916234,-0.01847932614413363,1,1,0,0,2.002526298579042,2
-0.46368575709182414,0.6186527439817173,-0.22554753575720712,-0.2659026672209769,-0.022691413965261937,1,0,0,0,1.5960239174367012,2
0.5369161352235279,0.47678175823644375,0.26509348565491764,-0.2659026672209769,-0.022691413965261937,1,1,0,0,1.4096421595454474,1
1.1875579333150632,-1.5380351358126598,0.33518506014236404,0.8440792791039394,-0.022590875248488167,1,1,0,0,1.4982597639467021,1
1.4339498850955548,-1.2642490229709036,2.0874744223285235,1.1215747656851704,-0.022535486137495106,0,1,0,0,1.2605631384295881,1
0.7908251296007124,0.8127919876331445,0.05481876219257846,-0.8208936403834363,-0.022708236772760453,1,0,0,1,1.417892460256667,1
-0.7910947235255622,0.5228276044871033,5.5570073594571205,1.399070252266399,-0.022457246938654134,0,1,0,1,1.1042837124641234,1
1.0330409466052632,-2.6070454582266076,-0.4358222592195463,-0.2659026672209769,-0.022691413965261937,1,0,0,1,1.7358026436157372,2
-0.6816799923959201,0.3921569597217201,2.1926117840596935,0.8440792791039394,-0.022590875248488167,0,1,0,1,1.2297214293010412,1
-1.0675548456928254,0.689588236854355,1.0010550177731048,-0.5433981538022078,-0.02270126369682387,1,0,0,1,1.2406121346721495,1
-1.0692252996032017,0.6149192969884205,0.6505971453358728,-0.2659026672209769,-0.022691413965261937,1,0,0,1,1.3225408463490198,1
1.24184768540229,-1.7371523087884817,0.08986454943630166,0.566583792522711,-0.022630087736116487,1,0,0,1,1.546965277345006,2
0.6530126819946748,0.09597016492018291,-0.8213259189005014,-0.2659026672209769,-0.022691413965261937,1,1,0,2,2.366621989229777,2
0.5502797665065376,0.32868836083567604,-0.015272812294867932,-0.2659026672209769,-0.022691413965261937,1,1,0,2,1.500402842524522,2
1.0472398048434612,1.003197784291275,-0.3657306847320999,-0.5433981538022078,-0.02270126369682387,1,1,0,2,1.6499288110582295,2
-0.7100777088723158,0.4705593465809496,-0.12041017402603753,1.1215747656851704,-0.022535486137495106,1,0,0,2,1.6927529649282096,2
-0.5547254952073278,0.4406917706345769,5.5570073594571205,-0.8208936403834363,-0.022708236772760453,0,1,0,2,0.9519687176414856,1
0.7699444557210097,0.8526154222283082,0.08986454943630166,-0.8208936403834363,-0.022708236772760453,1,0,0,0,1.4063320703136417,1
-0.7276174749312659,0.41829108867479603,0.05481876219257846,-0.8208936403834363,-0.022708236772760453,1,0,0,0,1.417892460256667,1
0.8200580730322962,0.2689532089429288,-0.5760054081944391,0.01159281936025158,-0.022677500849626255,1,1,0,0,1.9115709291778764,2
-0.2072710818490753,0.4095797123571046,0.5805055708484265,-0.5433981538022078,-0.02270126369682387,1,0,0,0,1.3104407730428642,1
0.6780694906503177,0.913595056452155,-0.4007764719758231,-0.8208936403834363,-0.022708236772760453,1,1,0,0,1.6422936937652552,2
0.6822456254262583,0.9111060917899577,-0.5760054081944391,-0.8208936403834363,-0.022708236772760453,1,1,0,0,1.8033688011112043,2
0.09257539506345504,-0.3819110502217897,0.5805055708484265,0.01159281936025158,-0.022677500849626255,1,0,0,0,1.3618306072798394,1
1.4489839702889407,-0.9170384525943142,-0.3657306847320999,-0.2659026672209769,-0.022691413965261937,1,0,0,1,1.682280356373097,2
1.5266600771214347,-0.3931113912016802,-0.4007764719758231,-0.2659026672209769,-0.022691413965261937,1,0,0,1,1.7079854415158657,2
-0.7292879288416421,0.4046017830327083,0.40527663462981045,0.01159281936025158,-0.022677500849626255,1,1,0,1,1.4005640606631609,1
0.7432171931549902,0.8015916466532541,0.5104139963609801,0.01159281936025158,-0.022677500849626255,1,0,0,1,1.376570601513039,1
1.5283305310318105,-0.38315553255288926,0.019772974948855264,1.1215747656851704,-0.022535486137495106,1,0,0,1,1.6301981047652438,2
-0.4912482466130317,0.6024744736774323,-0.4358222592195463,-0.5433981538022078,-0.02270126369682387,1,0,0,1,1.7024218235462036,2
-0.8938276390136992,0.5551841450956733,0.08986454943630166,-0.2659026672209769,-0.022691413965261937,1,0,0,0,1.4625853531261874,1
0.8233989808530485,0.19926219840139062,-0.6460969826818854,0.2890883059414825,-0.02265784805142817,1,1,0,2,2.0461851811257366,2
-0.8336912982401554,0.5302944984736969,-0.4358222592195463,-0.5433981538022078,-0.02270126369682387,1,0,0,2,1.7024218235462036,2
0.616262695966398,0.31002112586919195,-0.9615090678753943,0.566583792522711,-0.022630087736116487,1,1,0,2,3.417342140077865,0
0.8459501086431274,0.8065695759776504,1.8771996988661845,-0.5433981538022078,-0.02270126369682387,0,0,0,2,1.1449488916792685,1
0.7824728600488311,0.9260398797631432,-0.9615090678753943,1.1215747656851704,-0.022535486137495106,1,0,0,0,3.541609126989788,3
-0.4060550971838448,0.3672673130997419,0.08986454943630166,-0.8208936403834363,-0.022708236772760453,1,1,0,0,1.4063320703136417,1
0.8058592147940983,-2.991590498536165,-0.8213259189005014,-0.2659026672209769,-0.022691413965261937,1,0,0,0,2.366621989229777,2
0.6814103984710704,0.14326049350194198,0.12491033668002485,-0.8208936403834363,-0.022708236772760453,1,1,0,0,1.3952765663781181,1
0.7691092287658214,0.22290736269227104,-0.08536438678231432,-0.2659026672209769,-0.022691413965261937,1,0,0,0,1.5288733397350716,2
-0.5472084526106349,0.35108904279545694,0.08986454943630166,-0.8208936403834363,-0.022708236772760453,1,0,0,0,1.4063320703136417,1
-0.900509454655204,0.6136748146573228,4.3304048059268085,0.01159281936025158,-0.022677500849626255,0,0,0,0,1.0495348763195145,1
-0.5288334595964965,0.5402503571224878,-0.19050174851348392,-0.5433981538022078,-0.02270126369682387,1,0,0,0,1.5474066852656234,2
-0.5338448213276251,0.5539396627645755,-0.2956391102446535,-0.5433981538022078,-0.02270126369682387,1,1,0,0,1.6047557002650366,2
-0.5305039135068728,0.5551841450956733,0.26509348565491764,-0.8208936403834363,-0.022708236772760453,1,1,0,0,1.355425153409084,1
-0.5998277507874856,0.5377613924602905,-0.4358222592195463,-0.8208936403834363,-0.022708236772760453,1,0,0,0,1.6690410034766703,2
-0.5355152752380015,0.5390058747913883,-0.4007764719758231,-0.2659026672209769,-0.022691413965261937,1,1,0,0,1.7079854415158657,2
-0.5129641474479224,0.520338639824906,0.37023084738608725,-0.8208936403834363,-0.022708236772760453,1,1,0,0,1.32936292837426,1
-0.5079527857167939,0.524072086818201,0.15995612392374806,-0.5433981538022078,-0.02270126369682387,1,0,0,0,1.4123832563851726,1
-0.533009594372437,0.5265610514804001,-0.19050174851348392,-0.8208936403834363,-0.022708236772760453,1,1,0,0,1.5170653777113956,2
-0.5263277787309322,0.5614065567511691,0.08986454943630166,-0.8208936403834363,-0.022708236772760453,1,1,0,0,1.4063320703136417,1
-0.5313391404620609,0.5290500161425974,-0.4007764719758231,-0.2659026672209769,-0.022691413965261937,1,1,0,0,1.7079854415158657,2
-0.533009594372437,0.552695180433476,-0.7161885571693318,-0.2659026672209769,-0.022691413965261937,1,0,0,0,2.0926339427855924,2
-0.5321743674172489,0.5377613924602905,-0.47086804646326946,0.01159281936025158,-0.022677500849626255,1,0,0,0,1.8000033410440757,2
-0.5355152752380015,0.5452282864468824,0.08986454943630166,-0.8208936403834363,-0.022708236772760453,1,1,0,0,1.4063320703136417,1
-0.45783916840550737,0.5514506981023782,-0.6460969826818854,-0.2659026672209769,-0.022691413965261937,1,1,0,0,1.9704005447877464,2
-0.5338448213276251,0.5452282864468824,0.30013927289864084,-0.5433981538022078,-0.02270126369682387,1,0,0,0,1.3733407911283941,1
-0.50962323962717,0.5414948394535856,0.5454597836047033,-0.5433981538022078,-0.02270126369682387,1,0,0,0,1.3174206107173767,1
0.6964444836644563,-2.964211887251988,-0.926463280631671,-0.8208936403834363,-0.022708236772760453,1,0,0,0,2.7905531327562363,0
-0.49709483529934845,0.5564286274267728,-0.05031859953859113,0.01159281936025158,-0.022677500849626255,1,1,0,0,1.543395383965801,2
-0.5021061970304771,0.5477172511090814,0.9309634432856584,0.2890883059414825,-0.02265784805142817,1,1,0,0,1.3243287337730842,1
-0.4987652892097246,0.552695180433476,0.33518506014236404,-0.8208936403834363,-0.022708236772760453,1,1,0,0,1.3377319320952699,1
-1.0633787109168849,0.5750958623932568,0.7206887198233192,-0.5433981538022078,-0.02270126369682387,1,0,0,1,1.2845403086336682,1
0.5327400004475873,0.14326049350194198,-0.6460969826818854,-0.2659026672209769,-0.022691413965261937,1,0,0,1,1.9704005447877464,2
1.022182996187818,-1.0663763323261797,-1.0666464296065639,0.8440792791039394,-0.022590875248488167,1,0,0,1,8.079092228978196,3
0.5795127099381212,0.3946459243839174,0.019772974948855264,1.1215747656851704,-0.022535486137495106,1,0,0,1,1.6301981047652438,2
0.7532399166172475,0.6646985902323769,2.7182985927155414,-0.8208936403834363,-0.022708236772760453,0,0,0,1,1.0637210691033467,1
1.2084386071947657,-1.010374627426731,-0.8213259189005014,-0.8208936403834363,-0.022708236772760453,1,0,0,1,2.275598066567093,2
-0.4503221258088144,0.6273641202994105,0.33518506014236404,0.01159281936025158,-0.022677500849626255,1,0,0,1,1.417995848020986,1
-0.4653562110022003,0.6522537669213869,0.019772974948855264,-0.8208936403834363,-0.022708236772760453,1,0,0,1,1.4299983375133718,1
1.054756847440154,-2.6866923274169365,0.23004769841119443,-0.5433981538022078,-0.02270126369682387,1,0,0,1,1.3920879440879266,1
-0.36345852246925137,0.3983793713772142,2.4028865075220325,-0.8208936403834363,-0.022708236772760453,0,0,0,0,1.0833953266776584,1
0.7916603565559006,0.3660228307686424,-0.5409596209507159,-0.8208936403834363,-0.022708236772760453,1,1,0,0,1.7647806193238058,2
1.415574892081416,-1.3351845158435414,-0.2956391102446535,-0.5433981538022078,-0.02270126369682387,1,1,0,0,1.6047557002650366,2
0.9937852797114223,-1.1497566485098054,-0.5760054081944391,-0.8208936403834363,-0.022708236772760453,1,0,0,0,1.8033688011112043,2
0.6045695185937645,0.5302944984736969,1.2814213157228902,-0.2659026672209769,-0.022691413965261937,1,1,0,0,1.2281221538367075,1
1.0489102587538373,-1.221936623713541,-0.3306848974883767,-0.5433981538022078,-0.02270126369682387,1,1,0,2,1.626537843409385,2
0.6438251854876054,0.5514506981023782,0.685642932579596,-0.8208936403834363,-0.022708236772760453,1,0,0,2,1.2654243463865844,1
1.7530065819774117,-1.8230215896343067,3.0687564651527732,-0.5433981538022078,-0.02270126369682387,0,0,0,2,1.0652759887657484,1
-0.3492596642310536,0.6671875548945742,0.23004769841119443,-0.8208936403834363,-0.022708236772760453,1,0,0,2,1.364792102046987,1
-0.375986926797073,0.6622096255701796,0.08986454943630166,-0.2659026672209769,-0.022691413965261937,1,1,0,2,1.4625853531261874,1
0.9495182510864525,0.7468344240849032,-0.08536438678231432,-0.8208936403834363,-0.022708236772760453,1,0,0,2,1.4700705189760301,1
0.9044159955062948,-3.0513256504289106,-1.0666464296065639,0.566583792522711,-0.022630087736116487,1,0,0,2,7.934822724889299,3
-0.844549248657601,0.49793795786512507,2.893527528934157,-0.2659026672209769,-0.022691413965261937,0,0,0,2,1.0959060866048098,1
-0.39853805458715186,0.6559872139146837,0.08986454943630166,0.2890883059414825,-0.02265784805142817,1,0,0,2,1.5188386359387334,2
-0.36846988420038007,0.6348310142860023,0.08986454943630166,0.01159281936025158,-0.022677500849626255,1,1,0,2,1.4907119945324603,1
-0.3726460189763205,0.6447868729347951,0.08986454943630166,-0.8208936403834363,-0.022708236772760453,1,0,0,2,1.4063320703136417,1
-0.3726460189763205,0.6410534259414982,0.08986454943630166,-0.5433981538022078,-0.02270126369682387,1,0,0,2,1.4344587117199146,1
-0.3726460189763205,0.6435423906036956,0.08986454943630166,-0.2659026672209769,-0.022691413965261937,1,0,0,2,1.4625853531261874,1
-0.3826687424385779,0.6522537669213869,0.30013927289864084,-0.8208936403834363,-0.022708236772760453,1,0,0,2,1.3464125403219551,1
-0.37849260766263726,0.6348310142860023,-0.3657306847320999,0.01159281936025158,-0.022677500849626255,1,0,0,2,1.714631901687964,2
-0.3818335154833896,0.6136748146573228,0.08986454943630166,-0.8208936403834363,-0.022708236772760453,1,0,0,2,1.4063320703136417,1
-0.36846988420038007,0.6236306733061137,0.08986454943630166,-0.8208936403834363,-0.022708236772760453,1,0,0,2,1.4063320703136417,1
-0.38099828852820156,0.6273641202994105,0.08986454943630166,-0.8208936403834363,-0.022708236772760453,1,0,0,2,1.4063320703136417,1
-0.37431647288669667,0.6485203199280901,0.4753682091172568,-0.8208936403834363,-0.022708236772760453,1,0,0,2,1.3059462828211212,1
-0.4169130476012903,0.6808768605366619,0.08986454943630166,-0.5433981538022078,-0.02270126369682387,1,1,0,2,1.4344587117199146,1
0.741546739244614,0.7169668481385305,3.6294890610523445,-0.8208936403834363,-0.022708236772760453,0,0,0,0,1.0177796153598242,1
1.3896828564705852,-0.05087875014948526,0.08986454943630166,-0.5433981538022078,-0.02270126369682387,1,1,0,0,1.4344587117199146,1
0.9369898467586311,0.2689532089429288,0.26509348565491764,-0.8208936403834363,-0.022708236772760453,1,1,0,0,1.355425153409084,1
-1.0458389448579346,0.6398089436103986,1.2814213157228902,1.1215747656851704,-0.022535486137495106,1,0,0,0,1.3462108224748526,1
-0.7802367731081166,0.35482248978875197,0.9309634432856584,-0.2659026672209769,-0.022691413965261937,1,0,0,0,1.275279521411118,1
0.6780694906503177,0.536516910129191,1.0361008050168279,1.1215747656851704,-0.022535486137495106,1,0,0,0,1.3811035619906822,1
0.6070751994593289,0.5925186150286414,3.419214337590005,-0.2659026672209769,-0.022691413965261937,0,0,0,0,1.0683026597815453,1
-1.1702877611809626,-0.3557769212687138,-0.8213259189005014,0.01159281936025158,-0.022677500849626255,1,0,0,0,2.412133950561119,2
-0.9664923841150644,0.5377613924602905,2.2276575713034164,0.8440792791039394,-0.022590875248488167,0,0,0,0,1.2269002637590432,1
0.5277286387164588,0.43695832364128007,1.7370165498912917,-0.8208936403834363,-0.022708236772760453,0,0,0,1,1.134630939582562,1
1.414739665126228,0.31873250218688515,-0.5409596209507159,-0.5433981538022078,-0.02270126369682387,1,0,0,1,1.8000762317102819,2
1.4456430624681884,-1.3314510688502446,-0.8213259189005014,-0.8208936403834363,-0.022708236772760453,1,1,0,1,2.275598066567093,2
0.4191491345420048,0.49793795786512507,2.15756599681597,-0.5433981538022078,-0.02270126369682387,0,1,0,1,1.1225333693738104,1
-0.9631514762943121,0.5452282864468824,1.596833400916399,0.8440792791039394,-0.022590875248488167,0,0,0,1,1.2853739422965091,1
-0.9664923841150644,0.5427393217846851,1.772062337135015,3.3415386583350055,-0.019719333880400307,0,0,0,1,1.4709740805159177,1
-1.150242314256448,0.677143413543365,0.40527663462981045,0.01159281936025158,-0.022677500849626255,1,0,0,0,1.4005640606631609,1
0.9478477971760764,0.7642571767202878,0.30013927289864084,-0.5433981538022078,-0.02270126369682387,1,0,0,0,1.3733407911283941,1
1.279432898385755,-1.467099642940024,0.33518506014236404,0.01159281936025158,-0.022677500849626255,1,1,0,2,1.417995848020986,1
-0.36512897637962755,0.3212214668490824,-0.5059138337069927,-0.2659026672209769,-0.022691413965261937,1,0,0,2,1.7990765325582068,2
0.8033535339285338,0.312510090531391,0.40527663462981045,-0.2659026672209769,-0.022691413965261937,1,1,0,2,1.3741383236695164,1
0.6212740576975265,0.6273641202994105,1.38655867745406,-0.8208936403834363,-0.022708236772760453,0,0,0,2,1.169134989932383,1
-0.9865378310395791,0.5726068977310578,2.0173828478410774,-0.2659026672209769,-0.022691413965261937,0,0,0,2,1.155604432402214,1
-0.36512897637962755,0.402112818370511,1.7370165498912917,2.2315567120100868,-0.021970115385260103,0,1,0,2,1.3842497462907255,1
0.6170979229215863,0.6149192969884205,2.7533443799592643,0.2890883059414825,-0.02265784805142817,0,1,0,2,1.1466111839553048,1
0.8033535339285338,0.7144778834763315,-0.015272812294867932,-0.8208936403834363,-0.022708236772760453,1,0,0,2,1.4426950408889634,1
0.5803479368933094,0.5091382988450155,1.8771996988661845,-0.5433981538022078,-0.02270126369682387,0,0,0,2,1.1449488916792685,1
-0.8278447095538387,-3.6872561216204445,-0.7161885571693318,-0.8208936403834363,-0.022708236772760453,1,1,0,2,2.012148021909223,2
-0.46619143795738854,0.3274438785045765,1.0361008050168279,0.2890883059414825,-0.02265784805142817,1,0,0,2,1.308413900833278,1
0.8768535059850875,0.5614065567511691,-0.08536438678231432,-0.5433981538022078,-0.02270126369682387,1,0,0,0,1.4994719293555507,1
-0.8437140217024128,0.5016714048584219,0.08986454943630166,-0.8208936403834363,-0.022708236772760453,1,0,0,0,1.4063320703136417,1
1.55505779359783,-0.9867294631358505,0.08986454943630166,-0.2659026672209769,-0.022691413965261937,1,1,0,0,1.4625853531261874,1
-1.1986854776573583,0.776702000031276,0.5805055708484265,0.566583792522711,-0.022630087736116487,1,0,0,0,1.4132204415168144,1
0.7223365192752875,0.61616377931952,2.0173828478410774,-0.8208936403834363,-0.022708236772760453,0,0,0,0,1.111158108079052,1
0.6763990367399416,0.13703808184644609,0.05481876219257846,-0.8208936403834363,-0.022708236772760453,1,0,0,0,1.417892460256667,1
1.5909725526709186,-1.688617497875625,-0.8563717061442246,-0.2659026672209769,-0.022691413965261937,1,0,0,0,2.500671404207537,0
0.7181603844993469,-0.006077386229925266,-0.7862801316567782,-0.8208936403834363,-0.022708236772760453,1,0,0,0,2.1714724095162588,2
0.18528558708933485,0.0312570837030411,-1.0666464296065639,-0.5433981538022078,-0.02270126369682387,1,1,0,0,7.357744708533713,3
1.2167908767466469,1.1898701339561086,-0.7161885571693318,0.566583792522711,-0.022630087736116487,1,1,0,1,2.2133628241001455,2
-0.813645851315641,0.4431807352967742,0.12491033668002485,0.566583792522711,-0.022630087736116487,1,0,0,1,1.53480422301593,2
1.0572625283057184,0.4655814172565533,-0.5760054081944391,-0.8208936403834363,-0.022708236772760453,1,1,0,1,1.8033688011112043,2
-0.8178219860915815,0.4431807352967742,0.44032242187353365,-0.5433981538022078,-0.02270126369682387,1,1,0,1,1.3397562861707015,1
0.1025981185257124,-0.5038703186694815,-0.4358222592195463,0.2890883059414825,-0.02265784805142817,1,0,0,1,1.8025642837548042,2
0.9562000667279575,-2.6829588804236395,0.08986454943630166,-0.2659026672209769,-0.022691413965261937,1,0,0,0,1.4625853531261874,1
1.5258248501662461,-2.0607177148741944,0.08986454943630166,0.2890883059414825,-0.02265784805142817,1,1,0,2,1.5188386359387334,2
-0.9631514762943121,0.5489617334401792,1.596833400916399,-0.5433981538022078,-0.02270126369682387,0,1,0,2,1.170608411734321,1
1.1942397489565677,-1.0091301450956314,0.08986454943630166,-0.5433981538022078,-0.02270126369682387,1,1,0,2,1.4344587117199146,1
1.1925692950461917,-1.0141080744200277,-0.015272812294867932,0.01159281936025158,-0.022677500849626255,1,1,0,2,1.5292567433423012,2
1.202592018508449,-1.0053966981023346,-0.19050174851348392,1.9540612254288583,-0.022190623407829305,1,1,0,2,1.8204784532536749,2
1.1366090890485887,-0.06083460879827617,-0.9965548551191175,0.01159281936025158,-0.022677500849626255,1,0,0,2,3.823141858355753,3
-0.8462197025679771,0.4382028059723778,-0.19050174851348392,0.8440792791039394,-0.022590875248488167,1,0,0,2,1.699113223036763,2
-0.783577680928869,0.4780262405675433,0.019772974948855264,-0.2659026672209769,-0.022691413965261937,1,0,0,2,1.4871982710139067,1
-0.8086344895845123,0.446914182290071,-0.5059138337069927,0.566583792522711,-0.022630087736116487,1,0,0,2,1.9028694094365648,2
-0.2941346851886385,0.6808768605366619,-0.8563717061442246,-0.2659026672209769,-0.022691413965261937,1,1,0,2,2.500671404207537,0
-0.298310819964579,0.6883437545232555,-0.3657306847320999,-0.8208936403834363,-0.022708236772760453,1,1,0,2,1.6175772657433625,2
1.0263591309637585,-2.6331795871796833,0.08986454943630166,-0.2659026672209769,-0.022691413965261937,1,0,0,2,1.4625853531261874,1
-0.4261005441083594,0.312510090531391,-0.22554753575720712,1.1215747656851704,-0.022535486137495106,1,1,0,0,1.7494877556517687,2
1.0530863935297778,0.5688734507377627,-1.0666464296065639,-0.5433981538022078,-0.02270126369682387,1,1,0,0,7.357744708533713,3
1.5366828005836917,-2.0856073614961725,-0.05031859953859113,2.2315567120100868,-0.021970115385260103,1,0,0,0,1.7763607249417708,2
-0.9840321501740148,0.6236306733061137,2.823435954446711,-0.5433981538022078,-0.02270126369682387,0,0,0,0,1.0788198886101017,1
0.6880922141125752,0.7804354470245728,0.26509348565491764,-0.8208936403834363,-0.022708236772760453,1,1,0,0,1.355425153409084,1
0.6571888167706151,0.945951597060725,0.23004769841119443,-0.2659026672209769,-0.022691413965261937,1,0,0,0,1.4193837861288665,1
0.6555183628602389,0.9384847030741331,0.37023084738608725,-0.8208936403834363,-0.022708236772760453,1,0,0,0,1.32936292837426,1
1.2142851958810825,-1.4807889485821117,0.08986454943630166,-0.8208936403834363,-0.022708236772760453,1,0,0,1,1.4063320703136417,1
1.438961246826683,0.13206015252205153,-0.7161885571693318,0.01159281936025158,-0.022677500849626255,1,1,0,1,2.1328769032237767,2
1.2151204228362704,-1.483277913244309,-1.0666464296065639,-0.2659026672209769,-0.022691413965261937,1,1,0,1,7.50201421262261,3
1.0171716344566895,-1.048953579690795,0.08986454943630166,-0.5433981538022078,-0.02270126369682387,1,1,0,1,1.4344587117199146,1
1.2777624444753786,-0.9954408394535437,-1.0666464296065639,-0.8208936403834363,-0.022708236772760453,1,0,0,1,7.213475204444817,3
0.6363081428909124,0.6198972263128169,4.050038507977023,1.1215747656851704,-0.022535486137495106,0,0,0,1,1.1406359561561141,1
1.7613588515292924,-1.7284409324707903,0.8959176560419352,-0.8208936403834363,-0.022708236772760453,1,0,0,1,1.2313927290724722,1
1.0898363795580543,-2.599578564240014,-0.9965548551191175,-0.8208936403834363,-0.022708236772760453,1,0,0,0,3.6067376022224087,3
1.045569350933085,-1.2070028357403555,-0.2605933230009303,-0.5433981538022078,-0.02270126369682387,1,0,0,0,1.58440408312701,2
1.1758647559424296,-2.1328976900779297,0.5805055708484265,-0.8208936403834363,-0.022708236772760453,1,0,0,0,1.2847458559243767,1
-1.1109866473626069,0.8526154222283082,3.3140769758588355,-0.2659026672209769,-0.022691413965261937,0,1,0,2,1.073451521832434,1
1.5893020987605426,-0.3308872746467357,0.08986454943630166,-0.5433981538022078,-0.02270126369682387,1,1,0,2,1.4344587117199146,1
0.45589912057028137,0.4431807352967742,-0.015272812294867932,-0.2659026672209769,-0.022691413965261937,1,1,0,0,1.500402842524522,2
0.8451148816879391,-0.19399421822585838,-1.0316006423628405,1.9540612254288583,-0.022190623407829305,1,1,0,0,5.461435359761024,3
-0.7384754253487114,0.3722452424241365,0.7206887198233192,-0.2659026672209769,-0.022691413965261937,1,1,0,0,1.3097273735088382,1
1.1817113446287464,-0.32839830998453834,0.12491033668002485,-0.8208936403834363,-0.022708236772760453,1,1,0,0,1.3952765663781181,1
1.4899100910931575,-1.6002592523676045,-0.7161885571693318,-0.5433981538022078,-0.02270126369682387,1,0,0,0,2.052390982347408,2
1.531671438852563,-1.022819450737719,-1.0666464296065639,0.2890883059414825,-0.02265784805142817,1,0,0,0,7.790553220800403,3
-0.0018052508728009546,-2.080629432171776,-0.4007764719758231,-0.2659026672209769,-0.022691413965261937,1,0,0,0,1.7079854415158657,2
-1.110151420407419,0.6584761785768828,0.9309634432856584,-0.8208936403834363,-0.022708236772760453,1,0,0,0,1.226230309049152,1
1.3044897070413979,-1.8118212486544163,-0.6460969826818854,-0.2659026672209769,-0.022691413965261937,1,1,0,0,1.9704005447877464,2
1.3095010687725268,-1.8180436603099104,-0.9615090678753943,-0.2659026672209769,-0.022691413965261937,1,1,0,0,3.230941659709982,0
1.031370492694887,-1.052687026684092,-1.0666464296065639,2.2315567120100868,-0.021970115385260103,1,0,0,0,8.800439749422676,3
1.007148910994432,-1.1385563075299168,-0.9615090678753943,1.1215747656851704,-0.022535486137495106,1,0,0,0,3.541609126989788,3
1.6369100352062649,0.4245135003302901,-1.0666464296065639,0.2890883059414825,-0.02265784805142817,1,1,0,0,7.790553220800403,3
1.2376715506263496,-0.22510627650333065,-0.9615090678753943,-0.5433981538022078,-0.02270126369682387,1,0,0,1,3.16880816625402,0
1.0731318404542924,-1.0688652969883787,-1.0666464296065639,-0.5433981538022078,-0.02270126369682387,1,0,0,1,7.357744708533713,3
1.80646110710945,0.6522537669213869,0.6505971453358728,-0.2659026672209769,-0.022691413965261937,1,0,0,1,1.3225408463490198,1
0.8568080590605727,-3.219330765127262,-0.2956391102446535,0.01159281936025158,-0.022677500849626255,1,0,0,1,1.6676872963538616,2
1.7162565959491347,1.0952894767925923,-0.8213259189005014,-0.8208936403834363,-0.022708236772760453,1,1,0,1,2.275598066567093,2
1.078978429140609,0.642297908272596,-0.05031859953859113,-0.5433981538022078,-0.02270126369682387,1,0,0,1,1.4851540487218085,1
1.6920350142486795,0.776702000031276,0.26509348565491764,-0.8208936403834363,-0.022708236772760453,1,1,0,1,1.355425153409084,1
1.5734327866119682,0.19801771607029287,-1.0666464296065639,-0.8208936403834363,-0.022708236772760453,1,1,0,0,7.213475204444817,3
1.108211372572193,-0.2126614531923407,-0.5760054081944391,1.1215747656851704,-0.022535486137495106,1,0,0,2,2.055840433266773,2
-0.8812992346858776,0.27766458526062193,-1.0316006423628405,-0.5433981538022078,-0.02270126369682387,1,1,0,2,4.64222005579687,3
1.602665730043552,-1.6799061215579336,1.4916960391852294,1.9540612254288583,-0.022190623407829305,0,1,0,2,1.3896969353983006,1
-0.4110664589149735,0.5999855090152351,-0.4358222592195463,-0.8208936403834363,-0.022708236772760453,1,0,0,2,1.6690410034766703,2
1.1307625003622719,-1.467099642940024,-0.2605933230009303,-0.8208936403834363,-0.022708236772760453,1,0,0,2,1.5533373363990297,2
0.8200580730322962,0.8762605865191886,0.019772974948855264,0.566583792522711,-0.022630087736116487,1,0,0,2,1.5729981712647088,2
1.1040352377962523,0.6373199789482014,-0.6811427699256086,-0.2659026672209769,-0.022691413965261937,1,0,0,2,2.0273304753066563,2
1.772216801946738,-0.00358842156772798,-1.0666464296065639,-0.2659026672209769,-0.022691413965261937,1,0,0,2,7.50201421262261,3
0.662200178501744,0.7418564947605069,0.05481876219257846,-0.8208936403834363,-0.022708236772760453,1,0,0,0,1.417892460256667,1
-0.9113674050726494,0.10592602356897383,-1.0666464296065639,-0.2659026672209769,-0.022691413965261937,1,1,0,0,7.50201421262261,3
-1.3465206487256531,0.4780262405675433,-0.7161885571693318,2.5090521985913177,-0.02165863952449058,1,1,0,0,2.495063547167437,2
1.0121602727255605,0.677143413543365,0.15995612392374806,-0.8208936403834363,-0.022708236772760453,1,0,0,0,1.3846894670442869,1
1.7488304472014709,0.010100884074359747,-0.4358222592195463,-0.8208936403834363,-0.022708236772760453,1,0,0,0,1.6690410034766703,2
0.577842256027745,0.5688734507377627,2.893527528934157,-0.8208936403834363,-0.022708236772760453,0,1,0,0,1.0537558525046247,1
-0.4428050832121215,0.31375457286248876,0.7907802943107656,-0.8208936403834363,-0.022708236772760453,1,1,0,0,1.2477125731460592,1
0.789989902645524,-0.35826588593091113,-1.0316006423628405,-0.2659026672209769,-0.022691413965261937,1,1,0,1,4.733243978459554,3
-0.8336912982401554,0.5066493341828182,3.559397486564898,-0.5433981538022078,-0.02270126369682387,0,1,0,1,1.0412753802300996,1
0.6028990646833883,0.5452282864468824,1.8071081243787381,-0.2659026672209769,-0.022691413965261937,0,0,0,1,1.1735985115334684,1
1.0564273013505303,-1.2555376466532122,-1.0666464296065639,1.1215747656851704,-0.022535486137495106,1,1,0,1,8.223361733067092,3
1.266069267102745,0.8588378338838041,-1.0666464296065639,0.2890883059414825,-0.02265784805142817,1,0,0,0,7.790553220800403,3
-1.009088958829658,0.7431009770916064,0.6155513580921496,0.8440792791039394,-0.022590875248488167,1,1,0,0,1.4314844243578562,1
-1.0358162213956774,-3.513028595266599,-1.0666464296065639,-0.5433981538022078,-0.02270126369682387,1,1,0,2,7.357744708533713,3
-1.0926116543484687,0.632342049623805,1.38655867745406,0.01159281936025158,-0.022677500849626255,0,0,0,2,1.2392830893283262,1
1.6678134325482246,0.913595056452155,-0.5409596209507159,-0.8208936403834363,-0.022708236772760453,1,1,0,0,1.7647806193238058,2
-0.7376401983935233,0.4879820992163342,0.860871868798212,0.566583792522711,-0.022630087736116487,1,0,0,0,1.3603587082252826,1
0.7666035479002573,0.8190143992886386,0.23004769841119443,-0.5433981538022078,-0.02270126369682387,1,0,0,0,1.3920879440879266,1
1.2518704088645476,-0.9033491469522265,-0.9615090678753943,-0.5433981538022078,-0.02270126369682387,1,0,0,0,3.16880816625402,0
1.5191430345247414,-1.0402422033731036,0.08986454943630166,-0.8208936403834363,-0.022708236772760453,1,0,0,0,1.4063320703136417,1
1.2493647279989832,-1.7110181798354058,-0.8563717061442246,-0.8208936403834363,-0.022708236772760453,1,1,0,1,2.4044917348149393,2
-0.9180492207141544,0.4668258995876528,-0.19050174851348392,-0.5433981538022078,-0.02270126369682387,1,0,0,1,1.5474066852656234,2
0.546938858685785,-3.0986159790106695,-1.0666464296065639,-0.5433981538022078,-0.02270126369682387,1,0,0,1,7.357744708533713,3
-1.1711229881361507,0.7630126943891883,0.44032242187353365,0.01159281936025158,-0.022677500849626255,1,1,0,1,1.3922957483734741,1
1.3111715226829026,-1.0078856627645318,-1.0666464296065639,0.566583792522711,-0.022630087736116487,1,0,0,1,7.934822724889299,3
-0.3667994302900037,0.37846765407963234,-0.47086804646326946,0.8440792791039394,-0.022590875248488167,1,1,0,2,1.901890322612608,2
-0.3726460189763205,0.32495491384237923,-0.3306848974883767,-0.8208936403834363,-0.022708236772760453,1,0,0,2,1.594644944519005,2
-0.3734812459315086,0.21668495103677518,-0.9965548551191175,0.566583792522711,-0.022630087736116487,1,0,0,2,3.9674113624446496,3
0.49431956050893433,0.5402503571224878,2.122520209572247,-0.5433981538022078,-0.02270126369682387,0,1,0,2,1.125182140558378,1
0.6221092846527148,0.6024744736774323,2.3327949330345863,-0.8208936403834363,-0.022708236772760453,0,0,0,2,1.0881109009275463,1
0.5369161352235279,0.24281907998985286,0.08986454943630166,-0.5433981538022078,-0.02270126369682387,1,1,0,2,1.4344587117199146,1
-1.14940708730126,0.6908327191854527,-0.3306848974883767,1.399070252266399,-0.022457246938654134,1,0,0,2,1.8497881356420458,2
1.2836090331616952,-0.2450179938009125,-1.0666464296065639,1.1215747656851704,-0.022535486137495106,1,0,0,0,8.223361733067092,3
0.7707796826761979,0.21668495103677518,0.7557345070670424,-0.5433981538022078,-0.02270126369682387,1,1,0,0,1.278521032038884,1
1.16250112465942,0.3598004191131483,0.12491033668002485,-0.8208936403834363,-0.022708236772760453,1,0,0,0,1.3952765663781181,1
1.8265065540339647,0.12957118785985425,-1.0666464296065639,-0.2659026672209769,-0.022691413965261937,1,1,0,0,7.50201421262261,3
-0.6541175028747126,0.42575798266138964,-0.4007764719758231,-0.8208936403834363,-0.022708236772760453,1,1,0,0,1.6422936937652552,2
0.5168706882990132,0.3697562777619392,-1.0666464296065639,-0.2659026672209769,-0.022691413965261937,1,0,0,0,7.50201421262261,3
-0.6557879567850888,0.4406917706345769,-0.3306848974883767,-0.8208936403834363,-0.022708236772760453,1,0,0,0,1.594644944519005,2
0.804188760883722,0.8389261165862205,0.19500191116747126,-0.8208936403834363,-0.022708236772760453,1,0,0,1,1.374537888712468,1
-1.0984582430347856,0.6659430725634746,-1.0666464296065639,-0.8208936403834363,-0.022708236772760453,1,0,0,1,7.213475204444817,3
-1.0917764273932804,0.6696765195567714,1.2814213157228902,1.1215747656851704,-0.022535486137495106,1,0,0,1,1.3462108224748526,1
1.2852794870720718,-1.4558993019601336,-0.15545596126976072,-0.5433981538022078,-0.02270126369682387,1,0,0,0,1.5305183053521068,2
0.7081376610370899,1.1687139343274273,0.08986454943630166,-0.8208936403834363,-0.022708236772760453,1,1,0,0,1.4063320703136417,1
0.7114785688578422,1.1749363459829214,0.08986454943630166,-0.8208936403834363,-0.022708236772760453,1,1,0,0,1.4063320703136417,1
1.170853394211301,-0.12181424302212294,0.08986454943630166,-0.8208936403834363,-0.022708236772760453,1,0,0,0,1.4063320703136417,1
1.4489839702889407,-1.128600448881124,-0.4007764719758231,-0.5433981538022078,-0.02270126369682387,1,1,0,2,1.6751395676405603,2
-0.7518390566317211,0.41829108867479603,-0.05031859953859113,-0.5433981538022078,-0.02270126369682387,1,0,0,2,1.4851540487218085,1
1.2126147419707063,-1.4845223955754068,0.33518506014236404,0.2890883059414825,-0.02265784805142817,1,0,0,2,1.4447504866628915,1
1.6636372977722842,0.6684320372256737,-1.0666464296065639,1.399070252266399,-0.022457246938654134,1,0,0,2,8.367631237155988,3
1.1666772594353605,-0.29604176937596655,-1.0666464296065639,-0.8208936403834363,-0.022708236772760453,1,1,0,2,7.213475204444817,3
1.7463247663359065,0.0760584476226011,-1.0666464296065639,1.399070252266399,-0.022457246938654134,1,1,0,2,8.367631237155988,3
1.3370635582937342,0.44442521762787374,0.08986454943630166,-0.8208936403834363,-0.022708236772760453,1,0,0,2,1.4063320703136417,1
-0.8044583548085718,0.4406917706345769,-0.8213259189005014,0.2890883059414825,-0.02265784805142817,1,1,0,2,2.457645911892461,2
-1.1168332360489237,0.5937630973597392,-1.0666464296065639,-0.8208936403834363,-0.022708236772760453,1,0,0,0,7.213475204444817,3
-1.0909412004380925,0.6012299913463328,0.8258260815544888,0.566583792522711,-0.022630087736116487,1,0,0,0,1.3663402411915804,1
-1.14940708730126,0.7443454594227059,-0.08536438678231432,0.566583792522711,-0.022630087736116487,1,0,0,0,1.6170775708736331,2
-1.1602650377187054,0.7368785654361123,0.30013927289864084,0.2890883059414825,-0.02265784805142817,1,0,0,0,1.4541255435477116,1
1.5634100631497112,-1.6064816640230986,1.8071081243787381,-0.5433981538022078,-0.02270126369682387,0,0,0,0,1.151029309388594,1
1.046404577888273,-0.09816907873124431,1.5617876136726758,0.2890883059414825,-0.02265784805142817,0,0,0,0,1.2431496062951166,1
1.2543760897301115,-1.4434544786491437,-1.0666464296065639,0.01159281936025158,-0.022677500849626255,1,1,0,0,7.646283716711506,3
-1.0500150796338752,0.8177699169575409,1.0711465922605512,0.2890883059414825,-0.02265784805142817,1,0,0,0,1.3033609468700855,1
-1.1560889029427648,0.7543013180714968,0.9660092305293816,-0.5433981538022078,-0.02270126369682387,1,0,0,0,1.2456206170474586,1
-1.1560889029427648,0.7207002951318273,-1.0666464296065639,-0.8208936403834363,-0.022708236772760453,1,0,0,0,7.213475204444817,3
0.7866489948247717,0.8762605865191886,0.019772974948855264,2.5090521985913177,-0.02165863952449058,1,1,0,0,1.773197938516581,2
-0.8587481068957987,0.491715546209631,1.9823370605973543,1.1215747656851704,-0.022535486137495106,0,0,0,0,1.2698734159969722,1
-0.7493333757661567,0.4693148642498501,-1.0666464296065639,-0.2659026672209769,-0.022691413965261937,1,0,0,0,7.50201421262261,3
-1.1535832220772004,0.7406120124294091,0.08986454943630166,-0.5433981538022078,-0.02270126369682387,1,0,0,0,1.4344587117199146,1
0.6262854194286553,1.0355543248998467,-1.0666464296065639,1.1215747656851704,-0.022535486137495106,1,0,0,0,8.223361733067092,3
-1.157759356853141,0.7580347650647936,0.40527663462981045,-0.8208936403834363,-0.022708236772760453,1,0,0,0,1.3212868496822272,1
-1.1368786829734383,0.8090585406398477,0.8258260815544888,-0.8208936403834363,-0.022708236772760453,1,0,0,0,1.2421274919923457,1
1.266069267102745,-1.4944782542241994,-0.22554753575720712,-0.5433981538022078,-0.02270126369682387,1,0,0,0,1.5653311497936877,2
-1.1611002646738935,0.7493233887471005,0.40527663462981045,-0.8208936403834363,-0.022708236772760453,1,0,0,1,1.3212868496822272,1
-1.1636059455394578,0.7431009770916064,-0.015272812294867932,0.8440792791039394,-0.022590875248488167,1,0,0,1,1.6158184457956388,2
0.32560371556093676,-0.2163949001856375,-1.0666464296065639,-0.8208936403834363,-0.022708236772760453,1,1,0,1,7.213475204444817,3
-1.1552536759875767,0.7667461413824851,0.08986454943630166,-0.8208936403834363,-0.022708236772760453,1,0,0,1,1.4063320703136417,1
-1.1636059455394578,0.7231892597940246,0.15995612392374806,0.01159281936025158,-0.022677500849626255,1,0,0,1,1.467770835066944,1
-1.1552536759875767,0.7493233887471005,1.3515128902103366,-0.5433981538022078,-0.02270126369682387,1,0,0,1,1.1964304491802138,1
-1.1636059455394578,0.7679906237135846,0.8258260815544888,-0.8208936403834363,-0.022708236772760453,1,0,0,1,1.2421274919923457,1
-1.156924129897953,0.7543013180714968,-0.926463280631671,1.1215747656851704,-0.022535486137495106,1,0,0,1,3.1812305713421094,0
-1.16694685336021,0.7431009770916064,0.26509348565491764,-0.8208936403834363,-0.022708236772760453,1,0,0,1,1.355425153409084,1
-1.1677820803153982,0.7505678710782,0.6155513580921496,0.01159281936025158,-0.022677500849626255,1,0,0,1,1.3547977587672566,1
-1.150242314256448,0.7804354470245728,-1.0666464296065639,-0.8208936403834363,-0.022708236772760453,1,1,0,1,7.213475204444817,3
-1.148571860346072,0.7692351060446841,0.08986454943630166,-0.2659026672209769,-0.022691413965261937,1,1,0,1,1.4625853531261874,1
-1.135208229063062,0.8127919876331445,0.08986454943630166,-0.8208936403834363,-0.022708236772760453,1,1,0,1,1.4063320703136417,1
-1.1686173072705865,0.7580347650647936,-1.0666464296065639,-0.2659026672209769,-0.022691413965261937,1,1,0,1,7.50201421262261,3
-1.1385491368838145,0.8028361289843536,-1.0666464296065639,-0.5433981538022078,-0.02270126369682387,1,1,0,1,7.357744708533713,3
-1.1594298107635173,0.7368785654361123,-1.0316006423628405,2.7865476851725464,-0.021218668176909945,1,1,0,1,5.734507127749075,3
0.6396490507116651,1.0430212188864387,-1.0666464296065639,0.8440792791039394,-0.022590875248488167,1,1,0,1,8.079092228978196,3
0.6045695185937645,-2.7265157620121,-1.0666464296065639,-0.5433981538022078,-0.02270126369682387,1,0,0,1,7.357744708533713,3
1.0063136840392437,-1.1074442492524446,-1.0666464296065639,-0.2659026672209769,-0.022691413965261937,1,1,0,1,7.50201421262261,3
-0.5839584386389116,0.3112656082002915,0.7206887198233192,0.01159281936025158,-0.022677500849626255,1,1,0,1,1.3349144383840081,1
-0.8253390286882745,0.5016714048584219,-0.6110511954381623,-0.5433981538022078,-0.02270126369682387,1,1,0,1,1.8832738026511606,2
-0.8236685747778982,0.49669347553402554,0.23004769841119443,0.01159281936025158,-0.022677500849626255,1,1,0,1,1.4466796281698062,1
-1.0065832779640935,0.5726068977310578,1.246375528479167,-0.8208936403834363,-0.022708236772760453,1,1,0,0,1.1849723591845693,1
-0.8245038017330864,0.4854931345541369,-1.0666464296065639,0.01159281936025158,-0.022677500849626255,1,0,0,0,7.646283716711506,3
-0.8236685747778982,0.4954489932029278,-0.7161885571693318,-0.5433981538022078,-0.02270126369682387,1,0,0,0,2.052390982347408,2
1.1658420324801722,-1.6251488989895826,-0.8914174933879478,-0.8208936403834363,-0.022708236772760453,1,0,0,2,2.5694917118487535,0
-1.0508503065890633,0.7431009770916064,0.8258260815544888,-0.5433981538022078,-0.02270126369682387,1,0,0,2,1.2669700418321925,1
1.3103362957277147,-1.7719978140592507,0.33518506014236404,0.01159281936025158,-0.022677500849626255,1,1,0,2,1.417995848020986,1
0.7891546756903361,0.913595056452155,0.12491033668002485,0.2890883059414825,-0.02265784805142817,1,0,0,2,1.5068986916883678,2
-1.0049128240537175,0.6808768605366619,0.33518506014236404,0.8440792791039394,-0.022590875248488167,1,0,0,2,1.4982597639467021,1
0.5293990926268349,0.48673761688523465,1.1061923795042743,-0.2659026672209769,-0.022691413965261937,1,1,0,2,1.2503357021037684,1
1.2376715506263496,-1.7657754024037566,0.40527663462981045,-0.8208936403834363,-0.022708236772760453,1,0,0,2,1.3212868496822272,1
1.308665841817339,-1.7744867787214498,-0.8914174933879478,0.01159281936025158,-0.022677500849626255,1,0,0,2,2.723661214559679,0
1.3211942461451602,-1.770753331728153,-0.22554753575720712,0.01159281936025158,-0.022677500849626255,1,0,0,2,1.6267166850797146,2
0.9077569033270472,-0.31844245133574745,0.08986454943630166,-0.8208936403834363,-0.022708236772760453,1,0,0,0,1.4063320703136417,1
1.3370635582937342,0.61616377931952,-0.12041017402603753,-0.5433981538022078,-0.02270126369682387,1,0,0,0,1.5145684423041872,2
-0.8219981208675219,0.5091382988450155,-0.47086804646326946,-0.5433981538022078,-0.02270126369682387,1,0,0,0,1.732078686665054,2
-0.8261742556434625,0.5016714048584219,-0.15545596126976072,0.01159281936025158,-0.022677500849626255,1,0,0,0,1.5905386310521894,2
1.2877851679376362,-1.4459434433113427,-0.3306848974883767,-0.8208936403834363,-0.022708236772760453,1,0,0,0,1.594644944519005,2
0.9962909605769867,-1.0464646150285977,-1.0666464296065639,-0.5433981538022078,-0.02270126369682387,1,0,0,0,7.357744708533713,3
1.2769272175201904,-1.477055501588815,-1.0666464296065639,0.566583792522711,-0.022630087736116487,1,0,0,0,7.934822724889299,3
0.7766262713625144,0.7480789064160027,-0.2956391102446535,-0.2659026672209769,-0.022691413965261937,1,0,0,0,1.6362214983094492,2
1.2251431462985278,-1.464610678277825,-1.0666464296065639,-0.5433981538022078,-0.02270126369682387,1,0,0,0,7.357744708533713,3
1.5492112049115132,-1.2990945282416728,-1.0666464296065639,0.8440792791039394,-0.022590875248488167,1,0,0,1,8.079092228978196,3
0.7774614983177026,0.8202588816197381,-0.7161885571693318,0.2890883059414825,-0.02265784805142817,1,0,0,1,2.1731198636619613,2
0.7774614983177026,0.8152809522953418,0.44032242187353365,-0.5433981538022078,-0.02270126369682387,1,0,0,1,1.3397562861707015,1
0.7741205904969503,0.8165254346264413,-1.0666464296065639,1.1215747656851704,-0.022535486137495106,1,1,0,1,8.223361733067092,3
0.5494445395513494,0.5651400037444659,0.7206887198233192,0.01159281936025158,-0.022677500849626255,1,0,0,1,1.3349144383840081,1
1.4899100910931575,-1.1846021537805747,-0.8563717061442246,0.566583792522711,-0.022630087736116487,1,1,0,1,2.6449409082964332,0
1.55505779359783,-1.2903831519239812,-0.2956391102446535,-0.8208936403834363,-0.022708236772760453,1,1,0,1,1.5732899022206244,2
1.3236999270107248,0.3087766435380942,-1.0666464296065639,0.8440792791039394,-0.022590875248488167,1,0,0,1,8.079092228978196,3
1.5500464318667018,-1.3028279752349696,-1.0666464296065639,-0.8208936403834363,-0.022708236772760453,1,0,0,1,7.213475204444817,3
1.5592339283737708,-1.2928721165861785,0.019772974948855264,-0.2659026672209769,-0.022691413965261937,1,0,0,1,1.4871982710139067,1
1.5467055240459489,-1.3065614222282664,-1.0666464296065639,1.399070252266399,-0.022457246938654134,1,0,0,1,8.367631237155988,3
0.9035807685511069,1.1450687700365485,-1.0666464296065639,-0.2659026672209769,-0.022691413965261937,1,0,0,1,7.50201421262261,3
0.2036605801034731,-2.69415922140353,-1.0666464296065639,-0.5433981538022078,-0.02270126369682387,1,1,0,0,7.357744708533713,3
1.0297000387845108,-2.69415922140353,-0.15545596126976072,0.2890883059414825,-0.02265784805142817,1,0,0,0,1.6205487939022307,2
1.0597682091712826,-2.643135445828474,-1.0666464296065639,-0.5433981538022078,-0.02270126369682387,1,1,0,0,7.357744708533713,3
1.4899100910931575,-0.4752472250542065,-1.0666464296065639,-0.5433981538022078,-0.02270126369682387,1,1,0,0,7.357744708533713,3
1.036381854426016,-2.6991371507279247,0.15995612392374806,-0.8208936403834363,-0.022708236772760453,1,0,0,0,1.3846894670442869,1
1.2760919905650026,-1.4758110192577154,-0.3306848974883767,-0.5433981538022078,-0.02270126369682387,1,1,0,2,1.626537843409385,2
1.22430791934334,-1.4720775722644186,0.6505971453358728,1.399070252266399,-0.022457246938654134,1,0,0,2,1.4751417132354452,1
1.2618931323268046,-1.4758110192577154,-1.0316006423628405,2.5090521985913177,-0.02165863952449058,1,0,0,2,5.643483205086391,3
1.2543760897301115,-1.4558993019601336,-1.0666464296065639,-0.5433981538022078,-0.02270126369682387,1,0,0,2,7.357744708533713,3
1.7788986175882426,0.8837274805057804,0.08986454943630166,0.01159281936025158,-0.022677500849626255,1,0,0,2,1.4907119945324603,1
1.496591906734663,-2.0980521848071607,0.5805055708484265,-0.8208936403834363,-0.022708236772760453,1,1,0,2,1.2847458559243767,1
1.0054784570840558,-1.1174001079012355,0.5104139963609801,-0.2659026672209769,-0.022691413965261937,1,0,0,2,1.350597571295812,1
1.4598419207063857,-0.3893779442083834,0.08986454943630166,-0.5433981538022078,-0.02270126369682387,1,1,0,0,1.4344587117199146,1
0.7599217322587523,-2.9505225816099,-1.0666464296065639,1.1215747656851704,-0.022535486137495106,1,1,0,0,8.223361733067092,3
-0.5672538995351494,0.2988207848893033,-0.08536438678231432,-0.2659026672209769,-0.022691413965261937,1,1,0,1,1.5288733397350716,2
1.0046432301288677,1.1376018760499549,0.08986454943630166,-0.8208936403834363,-0.022708236772760453,1,1,0,1,1.4063320703136417,1
0.33813211988875824,0.41331315935040147,0.5805055708484265,-0.8208936403834363,-0.022708236772760453,1,0,0,1,1.2847458559243767,1
-0.4828959770611506,0.2701976912740283,2.0173828478410774,-0.2659026672209769,-0.022691413965261937,0,0,0,2,1.155604432402214,1
-0.4854016579267149,0.2440635623209506,-1.0666464296065639,-0.2659026672209769,-0.022691413965261937,1,0,0,2,7.50201421262261,3
-1.055861668320192,0.6858547898610582,1.596833400916399,-0.5433981538022078,-0.02270126369682387,0,0,0,2,1.170608411734321,1
